Number,Gender,GivenName,MiddleInitial,Surname,EmailAddress,Birthday
13,female,Alicia,A,Geach,AliciaGeach@dayrep.com,1/11/1977
14,male,Patrick,S,Demaine,PatrickDemaine@teleworm.us,6/2/1957
15,female,Natasha,A,Brentnall,NatashaBrentnall@fleckens.hu,3/7/1949
16,female,Eliza,A,Moonlight,ElizaMoonlight@rhyta.com,12/22/1964
17,female,Bethany,M,Southwell,BethanySouthwell@jourrapide.com,8/11/1963
18,female,Tayla,J,Burhop,TaylaBurhop@teleworm.us,5/27/1965
19,female,Alexis,B,Frewer,AlexisFrewer@teleworm.us,3/18/1975
20,female,Isla,F,Pemulwuy,IslaPemulwuy@fleckens.hu,8/15/1979
21,female,Brooke,H,Larkin,BrookeLarkin@dayrep.com,4/25/1978
22,female,Alica,A,O'Reilly,AlicaOReilly@teleworm.us,4/24/1978
23,female,Stephanie,A,Yates,StephanieYates@armyspy.com,10/2/1974
24,female,Ruby,R,Livingston,RubyLivingston@gustr.com,8/31/1964
25,female,Alexandra,L,O'May,AlexandraOMay@einrot.com,1/4/1975
26,male,Hayden,P,Chabrillan,HaydenChabrillan@einrot.com,3/29/1952
27,female,Gabrielle,J,Goloubev,GabrielleGoloubev@dayrep.com,6/3/1969
28,female,Natasha,X,Rees,NatashaRees@armyspy.com,1/17/1959
29,female,Evie,S,Greener,EvieGreener@jourrapide.com,3/3/1946
30,male,Henry,M,Taber,HenryTaber@teleworm.us,4/21/1943
31,female,Alannah,L,Thornber,AlannahThornber@cuvox.de,1/10/1974
32,male,Spencer,S,Shephard,SpencerShephard@gustr.com,2/28/1956
33,female,Sarah,B,Weigel,SarahWeigel@cuvox.de,7/31/1961
34,female,Lauren,H,Governor,LaurenGovernor@einrot.com,7/11/1951
35,female,Mary,W,Crosby,MaryCrosby@gustr.com,2/10/1953
36,female,Amelia,H,Hobart,AmeliaHobart@teleworm.us,12/19/1972
37,female,Abby,D,Learmonth,AbbyLearmonth@superrito.com,12/2/1952
38,male,Seth,L,Burge,SethBurge@armyspy.com,2/4/1943
39,female,Dakota,E,Watkin,DakotaWatkin@jourrapide.com,1/25/1954
40,female,Samantha,J,Tjalkabota,SamanthaTjalkabota@fleckens.hu,1/31/1979
41,female,Eve,A,Standish,EveStandish@gustr.com,5/23/1970
42,female,Scarlett,R,Foott,ScarlettFoott@armyspy.com,1/28/1975
43,male,Alex,M,Beak,AlexBeak@rhyta.com,10/25/1964
44,male,Andrew,M,Cotton,AndrewCotton@cuvox.de,9/15/1951
45,male,Darcy,N,Lennox,DarcyLennox@jourrapide.com,5/23/1956
46,female,Caitlin,J,Wimble,CaitlinWimble@armyspy.com,3/27/1945
47,female,Evie,W,Hussey,EvieHussey@einrot.com,6/29/1960
48,female,Audrey,J,Howarth,AudreyHowarth@jourrapide.com,6/24/1972
49,female,Alicia,J,Dallachy,AliciaDallachy@cuvox.de,10/7/1965
50,female,Charlotte,A,Marx,CharlotteMarx@dayrep.com,4/5/1980
51,female,Ashley,J,Wild,AshleyWild@superrito.com,9/6/1979
52,female,Alica,M,Grimley,AlicaGrimley@gustr.com,3/30/1984
53,male,Isaac,H,Brewer,IsaacBrewer@rhyta.com,6/23/1967
54,male,Jeremy,A,Garrard,JeremyGarrard@cuvox.de,4/13/1974
55,female,Natasha,H,Warnes,NatashaWarnes@dayrep.com,11/2/1977
56,female,Ruby,M,Enticknap,RubyEnticknap@einrot.com,5/19/1970
57,female,Ruby,A,McNaughtan,RubyMcNaughtan@einrot.com,2/19/1943
58,female,Eve,B,Pelensky,EvePelensky@gustr.com,11/8/1959
59,female,Rebecca,J,Fraire,RebeccaFraire@einrot.com,1/23/1977
60,female,Lucy,J,Steiner,LucySteiner@jourrapide.com,5/19/1975
61,female,Ava,J,Coughlan,AvaCoughlan@dayrep.com,6/27/1976
62,female,Alexis,S,Corby,AlexisCorby@armyspy.com,7/29/1974
63,female,Sarah,C,O'Hea,SarahOHea@rhyta.com,4/14/1955
64,female,Caitlin,M,Bourne,CaitlinBourne@cuvox.de,4/2/1945
65,male,Taj,G,Cubadgee,TajCubadgee@rhyta.com,5/12/1980
66,female,Eliza,G,Sambell,ElizaSambell@rhyta.com,11/2/1959
67,female,Rebecca,X,Bertles,RebeccaBertles@teleworm.us,6/18/1974
68,female,Emily,A,Schaw,EmilySchaw@armyspy.com,1/8/1971
69,male,Aidan,S,Kayser,AidanKayser@jourrapide.com,5/4/1952
70,female,Alannah,M,Cleland,AlannahCleland@armyspy.com,9/30/1981
71,female,Charli,C,Krischock,CharliKrischock@jourrapide.com,7/20/1954
72,female,Anna,D,McMillan,AnnaMcMillan@dayrep.com,8/19/1952
73,male,Christian,H,Hopley,ChristianHopley@einrot.com,9/19/1953
74,female,Ellie,T,Burhop,EllieBurhop@jourrapide.com,12/31/1969
75,female,Sophie,D,Josephson,SophieJosephson@dayrep.com,8/3/1946
76,female,Lucy,J,Wadham,LucyWadham@cuvox.de,9/20/1946
77,male,Elijah,O,Dicks,ElijahDicks@teleworm.us,4/5/1963
78,male,Joel,A,Hacking,JoelHacking@rhyta.com,2/18/1944
79,female,Abby,L,Eagar,AbbyEagar@fleckens.hu,1/29/1982
80,male,Joel,E,Dwyer-Gray,JoelDwyer-Gray@armyspy.com,4/13/1966
81,female,Alicia,J,O'Shaughnessy,AliciaOShaughnessy@rhyta.com,11/5/1947
82,male,Luke,J,Fitch,LukeFitch@jourrapide.com,12/16/1957
83,male,Archie,A,Baylis,ArchieBaylis@gustr.com,9/19/1976
84,male,Patrick,O,Batty,PatrickBatty@teleworm.us,6/28/1965
85,female,Sienna,C,Dorron,SiennaDorron@fleckens.hu,2/16/1973
86,female,Savannah,A,Cantor,SavannahCantor@einrot.com,3/15/1956
87,female,Chloe,J,Mendis,ChloeMendis@rhyta.com,12/7/1949
88,female,Lucy,D,De Vis,LucyDeVis@dayrep.com,3/20/1957
89,female,Sienna,L,Glenny,SiennaGlenny@einrot.com,1/17/1977
90,female,Isla,A,Chinner,IslaChinner@rhyta.com,5/22/1965
91,female,Amelia,T,Kerrigan,AmeliaKerrigan@armyspy.com,8/17/1974
92,male,Noah,A,Harford,NoahHarford@armyspy.com,8/22/1956
93,male,Sam,Z,Dobson,SamDobson@teleworm.us,5/17/1955
94,female,Natalie,L,Macarthur,NatalieMacarthur@teleworm.us,12/5/1953
95,female,Gabrielle,N,Corones,GabrielleCorones@cuvox.de,2/4/1964
96,male,Owen,S,Howden,OwenHowden@dayrep.com,5/21/1973
97,male,Dominic,S,Glencross,DominicGlencross@teleworm.us,10/5/1974
98,female,Summer,A,Barunga,SummerBarunga@gustr.com,12/11/1982
99,female,Brooke,A,Hebblethwaite,BrookeHebblethwaite@armyspy.com,2/9/1953
100,female,Mia,C,Waring,MiaWaring@gustr.com,11/16/1956
