Number,Gender,GivenName,MiddleInitial,Surname,EmailAddress,Birthday
101,female,Anna,J,Clift,AnnaClift@rhyta.com,8/26/1971
102,male,Ben,S,Lynravn,BenLynravn@rhyta.com,7/22/1972
103,female,Kaitlyn,J,Behrend,KaitlynBehrend@fleckens.hu,1/16/1961
104,female,Gabrielle,J,Kingsmill,GabrielleKingsmill@jourrapide.com,8/27/1949
105,male,Jeremy,S,McRae,JeremyMcRae@superrito.com,2/19/1948
106,male,George,R,Hartigan,GeorgeHartigan@teleworm.us,4/20/1945
107,male,John,A,Mendelsohn,JohnMendelsohn@teleworm.us,6/20/1975
108,female,Erin,A,Moten,ErinMoten@dayrep.com,9/14/1945
109,female,Alana,A,Conrad,AlanaConrad@rhyta.com,3/7/1947
110,female,Amelia,J,Jess,AmeliaJess@einrot.com,2/5/1967
111,female,Audrey,Z,Curley,AudreyCurley@gustr.com,4/9/1948
112,female,Mariam,E,Battarbee,MariamBattarbee@einrot.com,10/10/1945
113,female,Rose,E,Barton,RoseBarton@armyspy.com,4/11/1955
114,female,Alicia,L,Blakeley,AliciaBlakeley@rhyta.com,7/14/1984
115,female,Sofia,L,Jude,SofiaJude@armyspy.com,7/8/1960
116,female,Kayla,A,Embling,KaylaEmbling@armyspy.com,4/7/1966
117,male,Christian,M,Sneddon,ChristianSneddon@cuvox.de,10/20/1967
118,female,Alexandra,C,Dempster,AlexandraDempster@armyspy.com,3/29/1983
119,male,Jake,S,Stone-Wigg,JakeStone-Wigg@dayrep.com,5/31/1963
120,female,Savannah,R,Curr,SavannahCurr@superrito.com,11/30/1967
121,female,Bella,A,Hogarth,BellaHogarth@cuvox.de,10/20/1978
122,female,Jade,A,Longstaff,JadeLongstaff@rhyta.com,6/20/1955
123,male,Brodie,P,Grover,BrodieGrover@einrot.com,8/1/1977
124,female,Charlotte,F,Bladin,CharlotteBladin@gustr.com,5/29/1974
125,female,Gemma,H,Rhodes,GemmaRhodes@einrot.com,10/9/1979
126,female,Indiana,A,Timms,IndianaTimms@gustr.com,10/20/1959
127,female,Charli,S,Kendall,CharliKendall@gustr.com,3/24/1944
128,female,Charlotte,I,Bridges,CharlotteBridges@einrot.com,4/4/1974
129,female,Amelie,J,Kruttschnitt,AmelieKruttschnitt@einrot.com,10/14/1957
130,female,Indiana,A,Chandler,IndianaChandler@fleckens.hu,12/28/1960
131,female,Abby,J,Pound,AbbyPound@superrito.com,11/4/1953
132,female,Maya,J,Tjalkabota,MayaTjalkabota@rhyta.com,9/8/1980
133,female,Amber,O,McGlinn,AmberMcGlinn@gustr.com,9/8/1954
134,male,Christopher,M,Roper,ChristopherRoper@teleworm.us,12/8/1973
135,male,Hudson,J,Creswick,HudsonCreswick@cuvox.de,10/17/1946
136,female,Hannah,T,Beaumont,HannahBeaumont@jourrapide.com,7/21/1943
137,female,Eva,B,Pasley,EvaPasley@einrot.com,1/30/1948
138,female,Paige,J,Board,PaigeBoard@rhyta.com,2/20/1955
139,female,Erin,D,Cantamessa,ErinCantamessa@rhyta.com,7/8/1944
140,female,Scarlett,A,Healy,ScarlettHealy@armyspy.com,5/11/1961
141,male,Callum,G,Hillary,CallumHillary@cuvox.de,6/4/1943
142,male,Archie,P,Vicars,ArchieVicars@fleckens.hu,12/16/1971
143,female,Natalie,L,Mickey,NatalieMickey@gustr.com,3/11/1967
144,female,Kiara,J,Skeyhill,KiaraSkeyhill@rhyta.com,6/14/1978
145,male,Isaac,I,Derrick,IsaacDerrick@dayrep.com,11/13/1974
146,female,Sofia,S,Gerald,SofiaGerald@armyspy.com,4/11/1964
147,male,Max,L,Flynn,MaxFlynn@fleckens.hu,12/23/1946
148,female,Milla,A,Wyatt,MillaWyatt@einrot.com,12/7/1970
149,female,Holly,J,Bailey,HollyBailey@fleckens.hu,10/3/1966
150,female,Kate,A,Lonergan,KateLonergan@superrito.com,1/23/1980
151,female,Jade,K,Kaleski,JadeKaleski@dayrep.com,5/13/1947
152,female,Imogen,J,Sherrard,ImogenSherrard@armyspy.com,3/11/1979
153,male,Anthony,E,Slade,AnthonySlade@gustr.com,6/7/1975
154,female,Katie,J,Fitzpatrick,KatieFitzpatrick@rhyta.com,7/16/1978
155,female,Jade,B,Macadam,JadeMacadam@gustr.com,5/1/1946
156,female,Skye,L,Cottrell,SkyeCottrell@rhyta.com,5/14/1968
157,female,Summer,A,Hornibrook,SummerHornibrook@jourrapide.com,4/15/1984
158,female,Mikayla,K,Winder,MikaylaWinder@teleworm.us,8/4/1972
159,female,Maddison,H,McGill,MaddisonMcGill@jourrapide.com,10/17/1971
160,male,Jackson,E,Thurston,JacksonThurston@fleckens.hu,9/14/1981
161,male,Finn,K,Desmond,FinnDesmond@teleworm.us,11/20/1945
162,male,Caleb,P,Palfreyman,CalebPalfreyman@dayrep.com,6/3/1943
163,female,Sophia,L,Selby,SophiaSelby@fleckens.hu,8/8/1977
164,female,Holly,C,Poupinel,HollyPoupinel@teleworm.us,12/30/1969
165,male,Tristan,B,Kitamura,TristanKitamura@gustr.com,11/3/1949
166,male,Daniel,S,Rickard,DanielRickard@cuvox.de,5/22/1954
167,male,Christian,E,Julia,ChristianJulia@superrito.com,6/23/1951
168,male,Jackson,T,Thirkell,JacksonThirkell@gustr.com,10/29/1969
169,female,Lauren,C,Schramm,LaurenSchramm@dayrep.com,9/5/1949
170,male,Anthony,L,Jerome,AnthonyJerome@teleworm.us,5/18/1976
171,female,Natalie,C,Allison,NatalieAllison@gustr.com,11/22/1949
172,female,Abby,D,Dease,AbbyDease@dayrep.com,4/27/1968
173,female,Alannah,L,Kingsford,AlannahKingsford@fleckens.hu,12/11/1949
174,female,Abbey,C,Elphinstone,AbbeyElphinstone@gustr.com,6/13/1955
175,male,Taj,M,McCombie,TajMcCombie@teleworm.us,11/28/1976
176,male,Aiden,C,McGrath,AidenMcGrath@armyspy.com,10/16/1953
177,male,Charles,P,Bleasdale,CharlesBleasdale@teleworm.us,5/18/1977
178,male,Callum,B,Grandi,CallumGrandi@gustr.com,10/13/1981
179,female,Sienna,R,Mairinger,SiennaMairinger@jourrapide.com,7/3/1973
180,female,Kiara,C,Tilly,KiaraTilly@superrito.com,4/3/1951
181,female,Alicia,J,Candler,AliciaCandler@fleckens.hu,1/12/1964
182,female,Bella,R,Savage,BellaSavage@cuvox.de,11/26/1946
183,female,Hannah,A,Rich,HannahRich@fleckens.hu,1/24/1983
184,male,Hugo,E,Bethel,HugoBethel@jourrapide.com,10/15/1945
185,female,Lilly,P,Sutherland,LillySutherland@jourrapide.com,11/12/1977
186,female,Layla,J,Felan,LaylaFelan@armyspy.com,7/10/1943
187,female,Ruby,J,Deacon,RubyDeacon@rhyta.com,11/24/1949
188,female,Natalie,J,Donaghy,NatalieDonaghy@dayrep.com,12/18/1983
189,female,Alica,J,Fenston,AlicaFenston@teleworm.us,7/10/1971
190,female,Keira,C,Coungeau,KeiraCoungeau@jourrapide.com,6/4/1976
191,male,Max,I,Wiedermann,MaxWiedermann@dayrep.com,12/24/1942
192,male,Christopher,C,Fenton,ChristopherFenton@rhyta.com,5/9/1962
193,female,Elizabeth,C,Blaxland,ElizabethBlaxland@fleckens.hu,3/6/1949
194,female,Tayla,C,Dulhunty,TaylaDulhunty@superrito.com,2/10/1947
195,male,Ashton,L,Bannerman,AshtonBannerman@gustr.com,10/28/1959
196,female,Mary,J,Corkill,MaryCorkill@armyspy.com,2/25/1951
197,female,Makayla,P,Winter-Irving,MakaylaWinter-Irving@jourrapide.com,10/29/1950
198,female,Madeline,S,MacMahon,MadelineMacMahon@dayrep.com,10/14/1949
199,male,Edward,B,Killian,EdwardKillian@gustr.com,4/15/1976
200,female,Amy,H,Howitt,AmyHowitt@rhyta.com,4/9/1968
201,female,Katie,H,Grimstone,KatieGrimstone@dayrep.com,9/15/1983
202,male,Isaac,K,Clune,IsaacClune@fleckens.hu,12/29/1955
203,female,Gabriella,L,Verdon,GabriellaVerdon@einrot.com,8/20/1981
204,female,Erin,K,Tallis,ErinTallis@rhyta.com,7/9/1979
205,female,Sophie,H,Gates,SophieGates@gustr.com,6/10/1966
206,male,Ben,K,Darker,BenDarker@armyspy.com,4/20/1962
207,female,Ella,J,Horder,EllaHorder@einrot.com,1/10/1944
208,female,Audrey,M,Ferrari,AudreyFerrari@fleckens.hu,9/29/1958
209,female,Stella,M,Drake,StellaDrake@einrot.com,10/16/1981
210,female,Indiana,J,Tye,IndianaTye@jourrapide.com,10/16/1949
211,female,Sara,A,Radcliffe,SaraRadcliffe@einrot.com,7/17/1943
212,female,Maya,F,Hercus,MayaHercus@teleworm.us,3/11/1977
213,female,Keira,C,Van De Velde,KeiraVanDeVelde@dayrep.com,1/13/1943
214,female,Alicia,J,McEvilly,AliciaMcEvilly@fleckens.hu,10/29/1962
215,female,Kiara,S,Crews,KiaraCrews@cuvox.de,11/18/1955
216,female,Paige,A,Salmon,PaigeSalmon@einrot.com,12/2/1954
217,female,Milla,D,Buckley,MillaBuckley@jourrapide.com,11/11/1965
218,female,Lilly,K,Perdriau,LillyPerdriau@superrito.com,4/15/1944
219,female,Charlotte,G,Fisk,CharlotteFisk@teleworm.us,6/9/1968
220,male,Cody,A,Makinson,CodyMakinson@fleckens.hu,4/2/1983
221,male,Bailey,M,Godson,BaileyGodson@einrot.com,1/21/1952
222,female,Charlotte,W,Kirkhope,CharlotteKirkhope@einrot.com,3/8/1958
223,female,Stephanie,O,Standley,StephanieStandley@einrot.com,10/8/1975
224,female,Chelsea,J,Hooker,ChelseaHooker@einrot.com,6/25/1964
225,female,Matilda,B,Nettleton,MatildaNettleton@armyspy.com,12/28/1959
226,female,Amber,S,Baylee,AmberBaylee@superrito.com,4/22/1956
227,female,Layla,C,Sixsmith,LaylaSixsmith@dayrep.com,7/18/1979
228,female,Ellie,L,Clubbe,EllieClubbe@fleckens.hu,2/5/1965
229,male,Nate,J,Holmwood,NateHolmwood@cuvox.de,11/29/1982
230,male,Jacob,M,Carroll,JacobCarroll@cuvox.de,12/3/1945
231,female,Molly,T,Creed,MollyCreed@armyspy.com,2/23/1963
232,female,Mia,J,Were,MiaWere@rhyta.com,3/27/1969
233,female,Angelina,O,Kellway,AngelinaKellway@fleckens.hu,5/10/1956
234,female,Bianca,H,Kisch,BiancaKisch@gustr.com,1/14/1972
235,female,Lauren,J,Scott,LaurenScott@cuvox.de,3/6/1970
236,female,Piper,K,Brient,PiperBrient@cuvox.de,5/10/1981
237,male,Will,P,Grimm,WillGrimm@gustr.com,4/13/1943
238,female,Madeleine,L,Reibey,MadeleineReibey@jourrapide.com,12/24/1943
239,female,Natasha,N,Meyer,NatashaMeyer@cuvox.de,11/19/1967
240,female,Anna,N,Stones,AnnaStones@cuvox.de,5/14/1963
241,female,Emily,F,Chandler,EmilyChandler@einrot.com,9/1/1980
242,male,Justin,C,Milerum,JustinMilerum@einrot.com,3/28/1961
243,female,Evie,J,Shirley,EvieShirley@rhyta.com,11/5/1981
244,female,Mia,B,Baskerville,MiaBaskerville@jourrapide.com,6/11/1954
245,female,Bella,C,Devine,BellaDevine@rhyta.com,9/25/1943
246,female,Sara,H,Massy-Greene,SaraMassy-Greene@einrot.com,4/25/1978
247,female,Isabel,R,Forster,IsabelForster@superrito.com,8/1/1968
248,female,Lucy,J,Mahomet,LucyMahomet@einrot.com,1/24/1944
249,female,Ellie,J,Trugernanner,EllieTrugernanner@rhyta.com,2/14/1954
250,female,Isabella,G,Whitington,IsabellaWhitington@einrot.com,10/13/1973
251,female,Ellie,D,Bowling,EllieBowling@gustr.com,12/14/1951
252,male,Zachary,C,Sambell,ZacharySambell@dayrep.com,10/30/1961
253,female,Savannah,T,Muller,SavannahMuller@gustr.com,4/7/1984
254,female,Amelia,J,Shenton,AmeliaShenton@jourrapide.com,11/15/1980
255,female,Mia,H,Braund,MiaBraund@armyspy.com,5/15/1953
256,female,Rachel,D,Gipps,RachelGipps@dayrep.com,8/11/1965
257,female,Alica,B,Mathy,AlicaMathy@teleworm.us,2/26/1972
258,female,Sophie,T,Buggy,SophieBuggy@rhyta.com,10/20/1956
259,female,Scarlett,G,Mandalis,ScarlettMandalis@gustr.com,11/4/1961
260,female,Lucy,S,McPherson,LucyMcPherson@armyspy.com,8/5/1953
261,female,Scarlett,R,Bell,ScarlettBell@superrito.com,8/15/1958
262,female,Layla,J,Douglass,LaylaDouglass@gustr.com,9/19/1973
263,female,Imogen,A,Langley,ImogenLangley@dayrep.com,9/4/1981
264,female,Ebony,J,Starke,EbonyStarke@gustr.com,7/26/1959
265,male,Owen,L,Skemp,OwenSkemp@superrito.com,9/18/1981
266,female,Eliza,H,Ashton,ElizaAshton@teleworm.us,7/2/1972
267,female,Claudia,E,Cherry,ClaudiaCherry@gustr.com,7/6/1960
268,male,Julian,G,Arabanoo,JulianArabanoo@gustr.com,10/18/1951
269,male,Tyson,P,McGee,TysonMcGee@rhyta.com,11/23/1966
270,female,Amelia,R,Mei,AmeliaMei@einrot.com,8/10/1963
271,male,Christopher,N,Fawsitt,ChristopherFawsitt@dayrep.com,6/7/1946
272,female,Kiara,J,Knibbs,KiaraKnibbs@fleckens.hu,1/30/1977
273,male,Alexander,O,Crace,AlexanderCrace@rhyta.com,3/3/1947
274,male,Dean,I,Tyers,DeanTyers@einrot.com,5/13/1950
275,male,Aaron,K,Hobson,AaronHobson@fleckens.hu,7/7/1951
276,female,Eden,C,Sparkes,EdenSparkes@cuvox.de,10/19/1949
277,female,Hayley,X,Ann,HayleyAnn@teleworm.us,7/17/1980
278,female,Natasha,I,Nathan,NatashaNathan@einrot.com,6/3/1982
279,female,Claudia,J,Kirkhope,ClaudiaKirkhope@cuvox.de,11/17/1974
280,male,Will,E,Bermingham,WillBermingham@dayrep.com,8/4/1959
281,female,Caitlin,T,Philipp,CaitlinPhilipp@gustr.com,11/26/1971
282,female,Maya,Z,Gaunt,MayaGaunt@gustr.com,6/18/1962
283,female,Emma,A,Hose,EmmaHose@dayrep.com,6/30/1979
284,female,Alannah,N,Pescott,AlannahPescott@armyspy.com,3/28/1980
285,female,Evie,W,Arthur,EvieArthur@einrot.com,11/26/1973
286,female,Emily,M,Smalley,EmilySmalley@dayrep.com,5/26/1974
287,female,Gemma,S,Beach,GemmaBeach@jourrapide.com,10/31/1970
288,female,Evie,D,Singleton,EvieSingleton@einrot.com,5/27/1973
289,female,Emily,D,Guerin,EmilyGuerin@dayrep.com,9/23/1967
290,female,Erin,A,Stackhouse,ErinStackhouse@superrito.com,9/1/1964
291,female,Kaitlyn,A,McCue,KaitlynMcCue@jourrapide.com,12/11/1958
292,female,Emily,J,Demaine,EmilyDemaine@fleckens.hu,5/28/1961
293,female,Abigail,K,Cottrell,AbigailCottrell@armyspy.com,11/22/1951
294,male,Leo,B,Gough,LeoGough@superrito.com,2/17/1978
295,female,Bethany,A,Mathews,BethanyMathews@cuvox.de,12/11/1970
296,female,Natasha,S,Wayn,NatashaWayn@superrito.com,10/17/1948
297,female,Scarlett,N,Wakelin,ScarlettWakelin@armyspy.com,1/17/1957
298,male,Justin,M,Greenhalgh,JustinGreenhalgh@fleckens.hu,7/14/1964
299,male,Mitchell,S,Luttrell,MitchellLuttrell@gustr.com,4/5/1984
300,male,Anthony,S,Harington,AnthonyHarington@cuvox.de,2/17/1975
301,female,Claire,T,Lea,ClaireLea@superrito.com,4/10/1946
302,female,Maddison,D,Reading,MaddisonReading@cuvox.de,11/20/1946
303,male,Dominic,C,Molineux,DominicMolineux@dayrep.com,2/16/1953
304,female,Tayla,K,Oxley,TaylaOxley@rhyta.com,1/3/1947
305,female,Alana,F,Grasby,AlanaGrasby@jourrapide.com,7/31/1965
306,male,Tyler,D,Waylen,TylerWaylen@armyspy.com,3/22/1979
307,female,Alica,B,Grishin,AlicaGrishin@armyspy.com,5/22/1957
308,male,Zac,H,Uther,ZacUther@armyspy.com,1/6/1980
309,female,Charlotte,B,Dutton,CharlotteDutton@superrito.com,11/10/1973
310,male,Michael,E,Cheyne,MichaelCheyne@rhyta.com,12/7/1955
311,female,Piper,J,Perrier,PiperPerrier@teleworm.us,4/17/1943
312,female,Angelina,D,Thatcher,AngelinaThatcher@rhyta.com,12/3/1983
313,female,Charli,B,Lonergan,CharliLonergan@rhyta.com,11/27/1982
314,female,Natasha,Z,Fitzsimmons,NatashaFitzsimmons@cuvox.de,11/19/1983
315,female,Poppy,C,Fitzsimons,PoppyFitzsimons@teleworm.us,4/13/1979
316,female,Emily,M,Wallwork,EmilyWallwork@einrot.com,4/25/1981
317,female,Lauren,H,Perrett,LaurenPerrett@fleckens.hu,4/11/1962
318,female,Scarlett,B,Rutledge,ScarlettRutledge@gustr.com,7/24/1942
319,female,Dakota,A,Rodius,DakotaRodius@einrot.com,11/24/1947
320,female,Isabelle,C,Bowhay,IsabelleBowhay@rhyta.com,3/25/1981
321,female,Jorja,M,Rocher,JorjaRocher@rhyta.com,7/12/1956
322,female,Mikayla,J,Whatmore,MikaylaWhatmore@gustr.com,6/20/1975
323,female,Poppy,W,Orton,PoppyOrton@teleworm.us,11/8/1975
324,female,Indiana,J,Clayton,IndianaClayton@teleworm.us,6/11/1960
325,male,Lachlan,S,Bottrill,LachlanBottrill@einrot.com,2/21/1974
326,female,Gabriella,L,Onus,GabriellaOnus@fleckens.hu,10/15/1945
327,female,Madison,H,Stow,MadisonStow@gustr.com,5/13/1947
328,female,Zara,H,Bindon,ZaraBindon@cuvox.de,2/12/1948
329,female,Natasha,L,Margarot,NatashaMargarot@rhyta.com,11/29/1950
330,female,Gemma,N,Waite,GemmaWaite@superrito.com,1/19/1968
331,male,Leo,S,Peters,LeoPeters@einrot.com,12/21/1981
332,male,Ben,S,Kable,BenKable@superrito.com,8/20/1982
333,female,Claudia,A,Fredricksen,ClaudiaFredricksen@gustr.com,9/20/1950
334,female,Claudia,D,Hanson,ClaudiaHanson@dayrep.com,7/24/1953
335,male,Austin,R,Pinner,AustinPinner@gustr.com,7/15/1982
336,female,Hayley,C,Fiveash,HayleyFiveash@dayrep.com,6/4/1968
337,female,Eva,C,Schleinitz,EvaSchleinitz@teleworm.us,3/26/1953
338,female,Olivia,A,Baracchi,OliviaBaracchi@dayrep.com,7/20/1953
339,female,Amy,O,Gorman,AmyGorman@teleworm.us,8/7/1962
340,female,Leah,J,Cudmore,LeahCudmore@fleckens.hu,12/9/1980
341,male,Hayden,I,Jowett,HaydenJowett@gustr.com,7/19/1969
342,female,Natasha,E,Samuel,NatashaSamuel@einrot.com,9/3/1950
343,male,Hugo,R,Peters,HugoPeters@superrito.com,9/20/1973
344,female,Matilda,Z,Goninan,MatildaGoninan@einrot.com,7/8/1962
345,female,Isabella,M,Zerner,IsabellaZerner@superrito.com,8/9/1979
346,female,Amelia,H,Emma,AmeliaEmma@fleckens.hu,12/23/1949
347,female,Ava,H,Parry-Okeden,AvaParry-Okeden@jourrapide.com,7/23/1957
348,female,Rose,M,Trout,RoseTrout@rhyta.com,6/14/1943
349,female,Matilda,D,Goold-Adams,MatildaGoold-Adams@fleckens.hu,5/20/1959
350,female,Jorja,M,Rickard,JorjaRickard@armyspy.com,8/28/1983
351,female,Chloe,A,Minogue,ChloeMinogue@teleworm.us,1/20/1953
352,male,Archie,T,Little,ArchieLittle@teleworm.us,12/24/1950
353,female,Sofia,H,Edge,SofiaEdge@fleckens.hu,7/1/1952
354,male,John,S,Fairfax,JohnFairfax@teleworm.us,6/17/1975
355,male,Tyler,A,Grose,TylerGrose@einrot.com,1/14/1965
356,male,Nathan,L,Keysor,NathanKeysor@fleckens.hu,5/13/1968
357,female,Piper,A,Crist,PiperCrist@jourrapide.com,10/11/1958
358,female,Poppy,A,Springthorpe,PoppySpringthorpe@fleckens.hu,3/24/1970
359,female,Maya,B,Thynne,MayaThynne@rhyta.com,8/21/1963
360,male,Harrison,M,Bicheno,HarrisonBicheno@cuvox.de,12/22/1964
361,male,Thomas,S,Mather,ThomasMather@fleckens.hu,6/4/1972
362,female,Lola,C,Sutcliffe,LolaSutcliffe@teleworm.us,6/25/1962
363,female,Eden,A,Hinder,EdenHinder@armyspy.com,2/23/1971
364,female,Maddison,S,Frater,MaddisonFrater@rhyta.com,6/7/1949
365,female,Kate,H,McKinney,KateMcKinney@armyspy.com,3/30/1978
366,female,Imogen,H,Clarey,ImogenClarey@rhyta.com,10/7/1974
367,female,Alexis,A,Baylebridge,AlexisBaylebridge@jourrapide.com,6/12/1976
368,female,Indiana,S,Horder,IndianaHorder@gustr.com,8/28/1973
369,female,Ellie,C,McDowell,EllieMcDowell@dayrep.com,7/31/1980
370,male,Jesse,E,Stokes,JesseStokes@dayrep.com,9/5/1956
371,female,Paige,J,McMaster,PaigeMcMaster@dayrep.com,1/8/1976
372,female,Gemma,A,Keynes,GemmaKeynes@cuvox.de,11/14/1963
373,female,Caitlin,T,McHale,CaitlinMcHale@rhyta.com,1/11/1975
374,female,Elizabeth,E,Patterson,ElizabethPatterson@jourrapide.com,11/2/1946
375,male,Riley,C,Simmonds,RileySimmonds@jourrapide.com,9/25/1954
376,female,Summer,A,Maund,SummerMaund@rhyta.com,7/21/1965
377,female,Mikayla,B,Paget,MikaylaPaget@cuvox.de,8/11/1951
378,female,Rebecca,B,Earle,RebeccaEarle@fleckens.hu,3/17/1968
379,female,Mackenzie,J,Younger,MackenzieYounger@gustr.com,3/8/1975
380,female,Erin,N,Langham,ErinLangham@rhyta.com,3/27/1969
381,female,Amy,L,Hills,AmyHills@teleworm.us,4/25/1976
382,male,Caleb,E,Papathanasopoulos,CalebPapathanasopoulos@gustr.com,3/24/1966
383,female,Maya,J,Louise,MayaLouise@fleckens.hu,1/27/1976
384,female,Alannah,J,Windsor,AlannahWindsor@einrot.com,12/19/1983
385,female,Lauren,K,Manifold,LaurenManifold@dayrep.com,12/5/1968
386,female,Jasmine,L,McCombie,JasmineMcCombie@fleckens.hu,4/30/1982
387,female,Alice,T,Metters,AliceMetters@jourrapide.com,7/29/1949
388,female,Alicia,A,Dawbin,AliciaDawbin@einrot.com,10/31/1981
389,female,Lucinda,C,Cremin,LucindaCremin@jourrapide.com,7/17/1972
390,female,Scarlett,D,Souter,ScarlettSouter@armyspy.com,10/27/1949
391,female,Chelsea,R,Singleton,ChelseaSingleton@fleckens.hu,9/15/1953
392,female,Lily,E,Tilley,LilyTilley@einrot.com,1/1/1945
393,female,Kayla,J,Watling,KaylaWatling@jourrapide.com,9/5/1973
394,female,Madison,D,Coungeau,MadisonCoungeau@superrito.com,4/12/1958
395,female,Ava,B,De Pury,AvaDePury@teleworm.us,2/10/1950
396,female,Rose,J,Prichard,RosePrichard@rhyta.com,8/3/1972
397,male,Jasper,J,Deffell,JasperDeffell@gustr.com,4/10/1981
398,female,Ebony,N,Barr,EbonyBarr@cuvox.de,12/8/1947
399,female,Leah,J,Raff,LeahRaff@jourrapide.com,7/26/1975
400,female,Eliza,H,Schnaars,ElizaSchnaars@superrito.com,6/25/1956
401,female,Anna,A,Ball,AnnaBall@armyspy.com,3/31/1968
402,female,Layla,H,Cumbrae,LaylaCumbrae@cuvox.de,3/29/1951
403,female,Caitlyn,J,Rossi,CaitlynRossi@rhyta.com,7/1/1963
404,male,Jake,A,Bottrill,JakeBottrill@jourrapide.com,8/22/1982
405,female,Maddison,N,Nixon,MaddisonNixon@dayrep.com,8/17/1979
406,female,Eva,J,Niven,EvaNiven@teleworm.us,6/22/1983
407,female,Eva,N,Barr,EvaBarr@dayrep.com,10/7/1982
408,female,Hayley,Z,Dickens,HayleyDickens@cuvox.de,5/12/1979
409,female,Brooke,B,St Julian,BrookeStJulian@superrito.com,7/24/1974
410,female,Grace,C,Sher,GraceSher@cuvox.de,5/30/1949
411,male,Lucas,K,Bolden,LucasBolden@superrito.com,1/25/1943
412,male,Dean,S,Jenner,DeanJenner@rhyta.com,11/27/1967
413,female,Indiana,J,Voigt,IndianaVoigt@rhyta.com,7/13/1959
414,male,Jonathan,C,Triggs,JonathanTriggs@superrito.com,1/24/1947
415,male,Tyson,M,Dalrymple,TysonDalrymple@cuvox.de,4/12/1960
416,female,Katie,J,Bavin,KatieBavin@teleworm.us,11/30/1968
417,female,Annabelle,H,Want,AnnabelleWant@jourrapide.com,7/14/1951
418,male,Michael,M,Sorell,MichaelSorell@gustr.com,6/15/1969
419,female,Samantha,Z,Cassidy,SamanthaCassidy@jourrapide.com,12/6/1962
420,female,Maddison,P,Monger,MaddisonMonger@armyspy.com,11/18/1952
421,female,Lara,S,Heydon,LaraHeydon@einrot.com,12/2/1970
422,female,Skye,B,Ramsay,SkyeRamsay@teleworm.us,4/15/1965
423,female,Emily,I,Nicoll,EmilyNicoll@rhyta.com,6/17/1955
424,male,Jonathan,A,Rene,JonathanRene@rhyta.com,10/13/1949
425,female,Olivia,J,Morison,OliviaMorison@gustr.com,5/12/1955
426,female,Ellie,J,Edge,EllieEdge@einrot.com,11/19/1946
427,female,Charli,M,Harding,CharliHarding@armyspy.com,10/12/1965
428,male,Dean,E,Murphy,DeanMurphy@teleworm.us,5/23/1956
429,male,Owen,A,Coombe,OwenCoombe@armyspy.com,12/30/1980
430,female,Maddison,Z,Holmwood,MaddisonHolmwood@rhyta.com,3/13/1947
431,female,Caitlyn,R,Luisini,CaitlynLuisini@cuvox.de,5/28/1947
432,female,Jade,O,Thyer,JadeThyer@dayrep.com,11/21/1951
433,female,Kaitlyn,H,Furnell,KaitlynFurnell@gustr.com,12/28/1959
434,female,Rose,S,McKinlay,RoseMcKinlay@teleworm.us,6/12/1968
435,male,Sean,I,Costello,SeanCostello@fleckens.hu,12/29/1979
436,female,Chloe,F,Deasey,ChloeDeasey@jourrapide.com,4/21/1976
437,female,Annabelle,R,Shore,AnnabelleShore@dayrep.com,7/17/1977
438,male,Finn,J,Wettenhall,FinnWettenhall@gustr.com,2/17/1970
439,male,Ryan,G,Howse,RyanHowse@armyspy.com,9/28/1951
440,female,Imogen,X,Aird,ImogenAird@fleckens.hu,5/29/1966
441,female,Amelia,S,Mullagh,AmeliaMullagh@superrito.com,7/30/1982
442,female,Alyssa,J,Donnithorne,AlyssaDonnithorne@jourrapide.com,2/25/1974
443,female,Evie,H,Helpman,EvieHelpman@cuvox.de,8/5/1959
444,male,William,H,Parsons,WilliamParsons@einrot.com,2/4/1963
445,female,Matilda,T,Gruner,MatildaGruner@fleckens.hu,5/19/1972
446,female,Isabelle,G,Catt,IsabelleCatt@jourrapide.com,5/1/1973
447,female,Rebecca,H,Stokes,RebeccaStokes@superrito.com,12/6/1959
448,male,Connor,A,Koerstz,ConnorKoerstz@jourrapide.com,3/23/1969
449,female,Gabriella,J,Wunderly,GabriellaWunderly@einrot.com,11/3/1963
450,male,Seth,E,Lyng,SethLyng@cuvox.de,11/6/1970
451,female,Claudia,H,Westgarth,ClaudiaWestgarth@cuvox.de,2/27/1962
452,female,Scarlett,B,Innes-Noad,ScarlettInnes-Noad@armyspy.com,5/19/1967
453,male,Gabriel,J,Case,GabrielCase@jourrapide.com,6/13/1955
454,female,Tahlia,A,Fihelly,TahliaFihelly@cuvox.de,6/17/1972
455,male,Zachary,G,MacBain,ZacharyMacBain@dayrep.com,10/8/1963
456,female,Rose,Z,Boake,RoseBoake@jourrapide.com,4/11/1984
457,female,Erin,T,Bukowski,ErinBukowski@superrito.com,3/28/1984
458,female,Maya,L,Frith,MayaFrith@einrot.com,5/13/1949
459,female,Makayla,A,Holden,MakaylaHolden@gustr.com,2/25/1963
460,female,Leah,J,McCathie,LeahMcCathie@armyspy.com,4/19/1981
461,male,Dean,E,Browning,DeanBrowning@jourrapide.com,7/24/1957
462,female,Kiara,H,Trumper,KiaraTrumper@rhyta.com,7/16/1948
463,female,Abbey,T,Edments,AbbeyEdments@cuvox.de,5/27/1965
464,female,Mikayla,M,Leitch,MikaylaLeitch@armyspy.com,11/21/1968
465,female,Isla,L,Torode,IslaTorode@rhyta.com,9/30/1948
466,female,Amelia,C,Edments,AmeliaEdments@gustr.com,6/11/1953
467,female,Erin,J,Maughan,ErinMaughan@fleckens.hu,8/18/1961
468,female,Hannah,C,Goodchap,HannahGoodchap@rhyta.com,11/12/1979
469,female,Lauren,J,Young,LaurenYoung@cuvox.de,5/22/1955
470,male,Ben,S,Waley,BenWaley@teleworm.us,6/20/1969
471,female,Kate,B,Degraves,KateDegraves@dayrep.com,8/15/1951
472,female,Skye,A,Garland,SkyeGarland@armyspy.com,4/28/1984
473,female,Alexandra,J,Gore,AlexandraGore@einrot.com,12/8/1965
474,female,Victoria,S,McCourt,VictoriaMcCourt@fleckens.hu,9/30/1971
475,female,Kiara,C,Shenton,KiaraShenton@superrito.com,1/22/1958
476,female,Mary,N,Johnston,MaryJohnston@teleworm.us,4/15/1980
477,female,Sophie,J,Verran,SophieVerran@fleckens.hu,10/5/1952
478,female,Skye,S,Wallis,SkyeWallis@dayrep.com,4/20/1973
479,female,Eden,J,Muskett,EdenMuskett@jourrapide.com,4/17/1945
480,male,Jaxon,C,Using,JaxonUsing@cuvox.de,2/17/1955
481,male,Mitchell,J,Arnot,MitchellArnot@einrot.com,2/3/1955
482,female,Caitlyn,L,Minahan,CaitlynMinahan@teleworm.us,12/27/1975
483,female,Isabel,B,Allison,IsabelAllison@superrito.com,5/21/1962
484,female,Tahlia,B,Hirschfeld-Mack,TahliaHirschfeld-Mack@armyspy.com,6/29/1976
485,female,Milla,J,Pope,MillaPope@gustr.com,6/3/1952
486,female,Rachel,W,Blacklock,RachelBlacklock@einrot.com,8/13/1956
487,female,Abigail,C,Utz,AbigailUtz@cuvox.de,1/14/1979
488,male,Timothy,O,Longworth,TimothyLongworth@cuvox.de,5/23/1982
489,male,Cody,S,Linton,CodyLinton@teleworm.us,8/31/1963
490,female,Holly,J,Robb,HollyRobb@dayrep.com,9/17/1966
491,female,Alannah,D,Cumpston,AlannahCumpston@jourrapide.com,9/16/1982
492,female,Bethany,C,Kirtley,BethanyKirtley@jourrapide.com,11/21/1980
493,female,Ruby,R,Wrench,RubyWrench@rhyta.com,2/3/1963
494,female,Audrey,E,Menhennitt,AudreyMenhennitt@einrot.com,11/5/1950
495,female,Maya,N,Nettleton,MayaNettleton@superrito.com,9/23/1945
496,male,Elijah,E,Barry,ElijahBarry@teleworm.us,6/3/1956
497,female,Isla,J,Game,IslaGame@armyspy.com,6/30/1963
498,female,Paige,J,Corbett,PaigeCorbett@fleckens.hu,5/29/1982
499,female,Georgia,L,Prout,GeorgiaProut@teleworm.us,10/14/1981
500,male,Gabriel,I,Traeger,GabrielTraeger@armyspy.com,11/3/1948
