Number,Gender,NameSet,Title,GivenName,MiddleInitial,Surname,StreetAddress,City,State,StateFull,ZipCode,CountryFull,EmailAddress,TelephoneNumber,TelephoneCountryCode,Birthday,Age
1,female,Australian,Ms.,Samantha,E,Geake,"4885 Victoria Street","Baton Rouge",LA,Louisiana,70811,"United States",SamanthaGeake@einrot.com,225-261-0783,1,1/24/1989,27
2,female,Australian,Ms.,Charli,D,"De Boos","534 Walnut Hill Drive",Cincinnati,OH,Ohio,45202,"United States",CharliDeBoos@teleworm.us,513-317-4337,1,12/17/1987,28
3,female,Australian,Mrs.,Mackenzie,W,Collier,"803 Rhapsody Street",Gainesville,FL,Florida,32601,"United States",MackenzieCollier@jourrapide.com,352-398-8458,1,2/10/1957,59
4,female,Australian,Mrs.,Brianna,L,Vanthoff,"2854 Scott Street",Poughkeepsie,NY,"New York",12601,"United States",BriannaVanthoff@rhyta.com,845-451-5500,1,11/22/1972,43
5,female,Australian,Mrs.,Laura,D,Harriman,"3857 Marigold Lane",Miami,FL,Florida,33145,"United States",LauraHarriman@dayrep.com,305-399-2426,1,11/14/1966,49
6,male,Australian,Mr.,Jayden,L,Scott,"2109 Woodland Avenue",Paradis,LA,Louisiana,70080,"United States",JaydenScott@rhyta.com,985-758-3812,1,8/29/1964,51
7,female,Australian,Mrs.,Abbey,J,Fornachon,"3557 Crestview Terrace",Kerrville,TX,Texas,78028,"United States",AbbeyFornachon@rhyta.com,830-815-3217,1,7/23/1978,37
8,female,Australian,Mrs.,Poppy,H,Sawtell,"4966 Kennedy Court",Mansfield,MA,Massachusetts,02048,"United States",PoppySawtell@cuvox.de,774-353-2991,1,11/30/1970,45
9,male,Australian,Mr.,Archie,M,Cheney,"1157 Hewes Avenue",Baltimore,MD,Maryland,21202,"United States",ArchieCheney@gustr.com,443-593-5461,1,6/2/1976,40
10,male,Australian,Mr.,Sean,C,Mullens,"1021 Fire Access Road",Archdale,NC,"North Carolina",27263,"United States",SeanMullens@fleckens.hu,336-862-8502,1,10/4/1960,55
11,male,Australian,Mr.,Lincoln,P,Solly,"1584 Hanifan Lane",Atlanta,GA,Georgia,30303,"United States",LincolnSolly@teleworm.us,678-557-4173,1,12/21/1962,53
12,male,Australian,Mr.,Dominic,J,Farrelly,"2268 Fairmont Avenue","Kansas City",MO,Missouri,64108,"United States",DominicFarrelly@jourrapide.com,660-233-2377,1,3/18/1979,37
13,female,Australian,Ms.,Layla,A,Antill,"692 Prudence Street",Detroit,MI,Michigan,48226,"United States",LaylaAntill@superrito.com,313-399-4387,1,8/11/1957,58
14,female,Australian,Ms.,Indiana,J,Sugden,"1497 Boundary Street",Jacksonville,FL,Florida,32257,"United States",IndianaSugden@gustr.com,904-587-3820,1,4/6/1977,39
15,male,Australian,Mr.,Jayden,M,Lazar,"3290 Lady Bug Drive","Staten Island",NY,"New York",10314,"United States",JaydenLazar@armyspy.com,718-983-5569,1,2/21/1974,42
16,male,Australian,Mr.,Joshua,K,Unaipon,"4927 Patterson Street",Houston,TX,Texas,77063,"United States",JoshuaUnaipon@rhyta.com,713-266-7644,1,11/22/1989,26
17,male,Australian,Mr.,Bailey,H,Chinner,"2033 Rebecca Street",Bensenville,IL,Illinois,60106,"United States",BaileyChinner@rhyta.com,847-717-6333,1,10/18/1962,53
18,female,Australian,Mrs.,Isabelle,W,Lindeman,"1676 Glendale Avenue","Los Angeles",CA,California,90017,"United States",IsabelleLindeman@teleworm.us,818-647-4812,1,4/8/1955,61
19,female,Australian,Mrs.,Alyssa,A,Nerli,"788 Stone Lane",Wayne,PA,Pennsylvania,19087,"United States",AlyssaNerli@teleworm.us,610-341-6900,1,8/27/1950,65
20,female,Australian,Ms.,Zoe,T,Mullins,"166 Patterson Fork Road",Chicago,IL,Illinois,60606,"United States",ZoeMullins@dayrep.com,312-621-2594,1,12/2/1966,49
21,female,Australian,Mrs.,Hayley,B,Simon,"4534 Timber Oak Drive",Friona,TX,Texas,79035,"United States",HayleySimon@gustr.com,806-250-2092,1,7/27/1951,64
22,female,Australian,Ms.,Grace,H,Fegan,"4899 Prudence Street",Detroit,MI,Michigan,48207,"United States",GraceFegan@fleckens.hu,313-392-6518,1,6/16/1954,62
23,female,Australian,Ms.,Gemma,N,Brough,"2630 Broadcast Drive",Charlotte,NC,"North Carolina",28202,"United States",GemmaBrough@teleworm.us,704-212-1246,1,10/15/1960,55
24,male,Australian,Mr.,Jai,P,Maddock,"3983 Mapleview Drive",Memphis,TN,Tennessee,38128,"United States",JaiMaddock@jourrapide.com,731-303-8536,1,2/12/1979,37
25,male,Australian,Mr.,Jaxon,A,Allnutt,"3889 Duff Avenue",Plainfield,VT,Vermont,05667,"United States",JaxonAllnutt@superrito.com,802-456-5940,1,12/18/1950,65
26,male,Australian,Mr.,Beau,E,Krefft,"4187 Haul Road",Eagan,MN,Minnesota,55121,"United States",BeauKrefft@rhyta.com,651-208-2072,1,2/20/1974,42
27,female,Australian,Ms.,Jessica,D,Poninski,"960 Burnside Court",Phoenix,AZ,Arizona,85003,"United States",JessicaPoninski@fleckens.hu,602-412-2444,1,4/17/1956,60
28,male,Australian,Mr.,Benjamin,A,O'Halloran,"2467 Carriage Court","California City",CA,California,93505,"United States",BenjaminOHalloran@gustr.com,760-373-5176,1,1/14/1971,45
29,female,Australian,Ms.,Samantha,C,Lording,"1077 Broadcast Drive",Charlotte,NC,"North Carolina",28209,"United States",SamanthaLording@jourrapide.com,704-201-8521,1,4/7/1955,61
30,female,Australian,Mrs.,Erin,N,Pawsey,"1977 Bel Meadow Drive",Colton,CA,California,92324,"United States",ErinPawsey@teleworm.us,909-430-6777,1,9/7/1955,60
31,female,Australian,Mrs.,Mikayla,L,Fairthorne,"4765 Augusta Park","Charles Town",WV,"West Virginia",25414,"United States",MikaylaFairthorne@armyspy.com,304-725-8477,1,3/31/1987,29
32,female,Australian,Mrs.,Amy,F,Simonetti,"503 Sundown Lane",Austin,TX,Texas,78753,"United States",AmySimonetti@dayrep.com,512-286-4562,1,4/16/1970,46
33,female,Australian,Ms.,Alicia,J,Bailey,"3701 Chatham Way",Frederick,MD,Maryland,21701,"United States",AliciaBailey@einrot.com,240-566-5628,1,7/20/1964,52
34,female,Australian,Ms.,Elizabeth,B,Archer,"2697 Gambler Lane",Houston,TX,Texas,77002,"United States",ElizabethArcher@jourrapide.com,281-925-6146,1,2/17/1973,43
35,female,Australian,Mrs.,Isabella,C,Willcock,"293 Glory Road","Tennessee Ridge",TN,Tennessee,37178,"United States",IsabellaWillcock@armyspy.com,931-721-0034,1,12/10/1969,46
36,female,Australian,Dr.,Stella,B,Haigh,"1568 Doctors Drive","Beverly Hills",CA,California,90210,"United States",StellaHaigh@cuvox.de,310-385-5162,1,3/22/1967,49
37,female,Australian,Mrs.,Tahlia,W,Gilpin,"1606 James Street",Fairport,NY,"New York",14450,"United States",TahliaGilpin@cuvox.de,585-733-8970,1,2/11/1989,27
38,male,Australian,Mr.,Brodie,I,Hartnett,"1805 Straford Park",Louisa,KY,Kentucky,41230,"United States",BrodieHartnett@teleworm.us,606-638-6644,1,4/27/1990,26
39,female,Australian,Ms.,Rose,C,Lamb,"242 Milford Street",Dover,NH,"New Hampshire",03820,"United States",RoseLamb@einrot.com,603-742-9104,1,5/16/1958,58
40,female,Australian,Ms.,Ebony,A,Diesendorf,"3331 Taylor Street","White Plains",NY,"New York",10601,"United States",EbonyDiesendorf@armyspy.com,914-681-0403,1,12/5/1965,50
41,female,Australian,Mrs.,Eliza,M,Hutcheon,"1488 Jewell Road","Golden Valley",MN,Minnesota,55427,"United States",ElizaHutcheon@rhyta.com,612-599-4092,1,4/17/1968,48
42,female,Australian,Dr.,Maddison,L,Leddy,"924 Simons Hollow Road",Wallenpaupack,PA,Pennsylvania,18451,"United States",MaddisonLeddy@armyspy.com,570-857-9964,1,9/17/1972,43
43,female,Australian,Mrs.,Scarlett,J,Copeley,"4694 Roy Alley",Westminster,CO,Colorado,80030,"United States",ScarlettCopeley@jourrapide.com,303-903-2549,1,8/31/1950,65
44,female,Australian,Ms.,Hannah,H,Wootten,"4911 Beech Street","San Rafael",CA,California,94901,"United States",HannahWootten@einrot.com,925-791-6802,1,4/11/1965,51
45,male,Australian,Mr.,Rory,L,Reddall,"3091 Trails End Road","Boca Raton",FL,Florida,33486,"United States",RoryReddall@cuvox.de,954-293-1720,1,2/8/1968,48
46,female,Australian,Ms.,Bella,T,Cecil,"1178 Fairmont Avenue",Gorin,MO,Missouri,63543,"United States",BellaCecil@teleworm.us,660-282-1360,1,3/31/1974,42
47,female,Australian,Mrs.,Eva,J,Brassey,"4243 Southern Street",Lynbrook,NY,"New York",11563,"United States",EvaBrassey@jourrapide.com,516-632-1903,1,11/14/1975,40
48,female,Australian,Mrs.,Molly,N,Rees,"1699 Harrison Street","San Francisco",CA,California,94107,"United States",MollyRees@rhyta.com,415-515-0836,1,6/13/1964,52
49,female,Australian,Mrs.,Rebecca,J,Broomfield,"2802 Pearl Street",Sacramento,CA,California,95814,"United States",RebeccaBroomfield@einrot.com,916-340-5552,1,6/26/1965,51
50,female,Australian,Mrs.,Tayla,T,Leschen,"3529 Williams Avenue",Bakersfield,CA,California,93301,"United States",TaylaLeschen@superrito.com,661-334-4120,1,11/16/1954,61
51,female,Australian,Ms.,Georgia,O,Johnston,"4343 Hazelwood Avenue","Des Moines",IA,Iowa,50317,"United States",GeorgiaJohnston@fleckens.hu,515-299-5313,1,2/6/1956,60
52,male,Australian,Mr.,Finn,L,Badgery,"3558 Davisson Street",Kokomo,IN,Indiana,46901,"United States",FinnBadgery@armyspy.com,765-878-0973,1,5/17/1962,54
53,female,Australian,Ms.,Ruby,C,Kavanagh,"4274 Cemetery Street",Salinas,CA,California,93901,"United States",RubyKavanagh@rhyta.com,831-776-0784,1,7/12/1949,67
54,female,Australian,Mrs.,Milla,D,Costello,"4083 Sweetwood Drive",Denver,CO,Colorado,80202,"United States",MillaCostello@teleworm.us,303-405-0782,1,7/19/1985,31
55,male,Australian,Mr.,Jeremy,M,Pierce,"1080 Emeral Dreams Drive",Chicago,IL,Illinois,60607,"United States",JeremyPierce@einrot.com,815-280-3361,1,4/4/1985,31
56,female,Australian,Ms.,Matilda,B,FitzRoy,"1695 College Avenue",Dayton,OH,Ohio,45402,"United States",MatildaFitzRoy@einrot.com,937-422-5922,1,5/31/1958,58
57,female,Australian,Ms.,Victoria,R,Spaull,"241 Sunburst Drive","Fort Myers",FL,Florida,33901,"United States",VictoriaSpaull@cuvox.de,239-425-5199,1,2/8/1969,47
58,male,Australian,Mr.,Thomas,S,Meany,"3695 Gerald L. Bates Drive",Boston,MA,Massachusetts,02110,"United States",ThomasMeany@rhyta.com,617-841-7459,1,12/19/1985,30
59,female,Australian,Mrs.,Ashley,M,Crotty,"2765 Terra Street",Anacortes,WA,Washington,98221,"United States",AshleyCrotty@jourrapide.com,360-293-3134,1,9/16/1979,36
60,male,Australian,Mr.,Nathan,E,Dynon,"1638 Star Route",Chicago,IL,Illinois,60605,"United States",NathanDynon@einrot.com,708-632-6844,1,1/16/1953,63
61,female,Australian,Mrs.,Georgia,C,Gore,"722 Twin Oaks Drive","Grand Rapids",MI,Michigan,49546,"United States",GeorgiaGore@gustr.com,231-519-2403,1,11/29/1956,59
62,male,Australian,Mr.,Jacob,J,Shillinglaw,"3830 Hood Avenue","San Diego",CA,California,92121,"United States",JacobShillinglaw@rhyta.com,858-812-0864,1,6/30/1986,30
63,female,Australian,Ms.,Audrey,A,Carr,"4461 Mayo Street",Cincinnati,KY,Kentucky,45249,"United States",AudreyCarr@jourrapide.com,859-760-4791,1,12/18/1989,26
64,female,Australian,Ms.,Jessica,G,Blundstone,"2963 Sherman Street",Everest,KS,Kansas,66424,"United States",JessicaBlundstone@dayrep.com,785-988-6894,1,2/27/1984,32
65,female,Australian,Mrs.,Piper,L,Slater,"3533 Columbia Boulevard",Baltimore,MD,Maryland,21212,"United States",PiperSlater@fleckens.hu,410-464-6212,1,8/22/1948,67
66,female,Australian,Mrs.,Georgia,J,Hardwick,"883 Pickens Way",Tyler,TX,Texas,75757,"United States",GeorgiaHardwick@gustr.com,903-324-2159,1,5/18/1968,48
67,female,Australian,Ms.,Mia,D,Monahan,"366 Koontz Lane","Los Angeles",CA,California,90017,"United States",MiaMonahan@fleckens.hu,818-801-9099,1,12/14/1978,37
68,female,Australian,Ms.,Summer,J,Jackey,"356 Longview Avenue",Bronx,NY,"New York",10458,"United States",SummerJackey@einrot.com,718-563-7421,1,9/19/1969,46
69,female,Australian,Ms.,Gabriella,J,Emmett,"3331 Robinson Court",Midland,MI,Michigan,48640,"United States",GabriellaEmmett@jourrapide.com,989-496-4772,1,2/13/1967,49
70,female,Australian,Ms.,Samantha,M,Forlong,"2756 Summit Park Avenue",Flint,MI,Michigan,48548,"United States",SamanthaForlong@gustr.com,248-955-2242,1,10/31/1968,47
71,female,Australian,Mrs.,Ashley,J,Hateley,"3170 Hardesty Street",Albany,NY,"New York",12207,"United States",AshleyHateley@fleckens.hu,518-471-9255,1,4/29/1970,46
72,male,Australian,Mr.,Christopher,A,Schleinitz,"1229 Jennifer Lane",Cary,NC,"North Carolina",27513,"United States",ChristopherSchleinitz@superrito.com,919-524-2709,1,1/5/1969,47
73,female,Australian,Ms.,Bella,E,Plain,"4607 Green Hill Road","Fort Smith",AR,Arkansas,72908,"United States",BellaPlain@fleckens.hu,479-426-9583,1,9/27/1986,29
74,male,Australian,Mr.,William,A,Coneybeer,"3479 Charles Street",Saline,MI,Michigan,48176,"United States",WilliamConeybeer@einrot.com,734-429-3218,1,7/7/1982,34
75,female,Australian,Ms.,Angelina,L,Casimaty,"3220 Green Street",Nashville,TN,Tennessee,37209,"United States",AngelinaCasimaty@superrito.com,615-519-0823,1,5/29/1954,62
76,female,Australian,Ms.,Stephanie,K,Brownell,"2478 Skinner Hollow Road",Oakridge,OR,Oregon,97463,"United States",StephanieBrownell@einrot.com,541-782-4002,1,1/22/1950,66
77,male,Australian,Mr.,Lucas,A,Challinor,"1428 Hall Valley Drive",Clarksburg,WV,"West Virginia",26301,"United States",LucasChallinor@cuvox.de,304-621-7380,1,11/9/1960,55
78,female,Australian,Ms.,Caitlin,L,Talbot,"1107 Dola Mine Road",Raleigh,NC,"North Carolina",27608,"United States",CaitlinTalbot@superrito.com,919-386-0760,1,10/3/1969,46
79,female,Australian,Mrs.,Abigail,D,Isaachsen,"300 Fannie Street",Worcester,MA,Massachusetts,01610,"United States",AbigailIsaachsen@dayrep.com,978-998-3273,1,6/5/1952,64
80,female,Australian,Ms.,Alannah,D,Code,"2919 Chestnut Street",Tampa,FL,Florida,33619,"United States",AlannahCode@armyspy.com,727-470-2837,1,7/6/1973,43
81,female,Australian,Mrs.,Annabelle,F,Rule,"4699 Cinnamon Lane","San Antonio",TX,Texas,78204,"United States",AnnabelleRule@rhyta.com,210-933-3272,1,7/16/1961,55
82,female,Australian,Ms.,Georgia,N,Gillen,"2788 Turkey Pen Road","New York",NY,"New York",10038,"United States",GeorgiaGillen@armyspy.com,917-275-3119,1,8/7/1955,60
83,female,Australian,Mrs.,Lily,S,Greenway,"1197 Buena Vista Avenue",Philomath,OR,Oregon,97370,"United States",LilyGreenway@teleworm.us,541-609-8450,1,2/7/1962,54
84,female,Australian,Ms.,Lara,N,Hassell,"356 Harron Drive",Baltimore,MD,Maryland,21202,"United States",LaraHassell@rhyta.com,443-530-8617,1,6/21/1957,59
85,male,Australian,Dr.,Dean,A,Earl,"357 Owagner Lane",Redmond,WA,Washington,98052,"United States",DeanEarl@teleworm.us,206-288-8530,1,8/19/1970,45
86,female,Australian,Mrs.,Bethany,C,Crick,"2980 Timber Oak Drive","El Rio",CA,California,93030,"United States",BethanyCrick@rhyta.com,805-981-3897,1,4/23/1960,56
87,male,Australian,Mr.,Benjamin,R,Case,"4742 Star Route",Schaumburg,IL,Illinois,60173,"United States",BenjaminCase@cuvox.de,708-648-0916,1,7/18/1978,38
88,female,Australian,Ms.,Laura,M,Isaac,"883 Roosevelt Road",Emporia,KS,Kansas,66801,"United States",LauraIsaac@fleckens.hu,620-340-3553,1,4/28/1982,34
89,female,Australian,Mrs.,Ava,L,Heales,"1785 Lonely Oak Drive",Atmore,AL,Alabama,36502,"United States",AvaHeales@einrot.com,251-446-5676,1,8/13/1967,48
90,female,Australian,Ms.,Molly,C,Sladen,"2337 Hidden Meadow Drive","Grand Forks Air Base",ND,"North Dakota",58228,"United States",MollySladen@dayrep.com,701-741-5649,1,5/2/1980,36
91,male,Australian,Mr.,Henry,S,Hobler,"1913 John Avenue",Jackson,MI,Michigan,49201,"United States",HenryHobler@einrot.com,517-840-5189,1,1/13/1975,41
92,female,Australian,Ms.,Milla,N,Mundy,"1264 Heritage Road","Terra Bella",CA,California,93270,"United States",MillaMundy@armyspy.com,559-783-6893,1,5/8/1973,43
93,female,Australian,Mrs.,Matilda,C,Fison,"1463 Andell Road",Columbus,OH,Ohio,43215,"United States",MatildaFison@cuvox.de,614-948-1998,1,8/16/1958,57
94,female,Australian,Ms.,Jade,M,Carnegie,"103 Randall Drive",Honolulu,HI,Hawaii,96815,"United States",JadeCarnegie@rhyta.com,808-931-1479,1,4/17/1962,54
95,male,Australian,Mr.,Angus,S,Head,"204 Roosevelt Street","San Francisco",CA,California,94107,"United States",AngusHead@jourrapide.com,415-466-1855,1,4/20/1974,42
96,female,Australian,Ms.,Lily,H,Fallon,"994 Briarhill Lane",Ravenna,OH,Ohio,44266,"United States",LilyFallon@armyspy.com,330-298-9201,1,7/3/1958,58
97,male,Australian,Mr.,Max,G,Bunbury,"1745 Cherry Camp Road",Bridgeview,IL,Illinois,60455,"United States",MaxBunbury@armyspy.com,773-512-9234,1,10/3/1984,31
98,male,Australian,Mr.,Callum,A,Schirmeister,"2572 Boone Crockett Lane",Tacoma,WA,Washington,98491,"United States",CallumSchirmeister@fleckens.hu,360-389-6525,1,10/29/1960,55
99,female,Australian,Mrs.,Abby,C,Dahlenburg,"1802 Meadow Drive",Cromwell,OK,Oklahoma,74837,"United States",AbbyDahlenburg@teleworm.us,405-944-7596,1,10/29/1987,28
100,female,Australian,Ms.,Jessica,M,Thring,"2110 Ruckman Road","Oklahoma City",OK,Oklahoma,73162,"United States",JessicaThring@armyspy.com,405-720-6315,1,1/9/1989,27
101,male,Australian,Mr.,Patrick,E,Ronald,"929 Adams Drive","El Campo",TX,Texas,77437,"United States",PatrickRonald@jourrapide.com,979-479-9073,1,10/20/1958,57
102,male,Australian,Mr.,Will,B,Hurst,"2461 Brooke Street","Sugar Land",TX,Texas,77478,"United States",WillHurst@armyspy.com,713-716-4921,1,11/5/1958,57
103,female,Australian,Mrs.,Evie,M,Maas,"1770 Valley View Drive",Quincy,MA,Massachusetts,02169,"United States",EvieMaas@dayrep.com,617-745-5502,1,2/20/1963,53
104,female,Australian,Ms.,Evie,A,Grahame,"2812 Andell Road",Westerville,OH,Ohio,43081,"United States",EvieGrahame@gustr.com,614-901-3727,1,6/19/1975,41
105,female,Australian,Mrs.,Olivia,A,Hays,"3150 Stewart Street",Indianapolis,IN,Indiana,46204,"United States",OliviaHays@cuvox.de,317-724-4225,1,2/17/1958,58
106,female,Australian,Mrs.,Ava,M,Woodriff,"1799 Richison Drive",Forsyth,MT,Montana,59327,"United States",AvaWoodriff@rhyta.com,406-346-0691,1,9/30/1952,63
107,female,Australian,Ms.,Alice,C,Ziesemer,"4495 Marshall Street",Dundalk,MD,Maryland,21222,"United States",AliceZiesemer@cuvox.de,410-631-0472,1,10/23/1986,29
108,male,Australian,Mr.,Oscar,P,Blakeney,"3283 Summit Street",Eldridge,IA,Iowa,52748,"United States",OscarBlakeney@dayrep.com,563-345-6769,1,4/26/1966,50
109,female,Australian,Ms.,Isabel,K,Illingworth,"4014 Grand Avenue","Winter Park",FL,Florida,32789,"United States",IsabelIllingworth@rhyta.com,407-714-3872,1,9/30/1989,26
110,male,Australian,Mr.,Jacob,A,Tout,"4821 Cost Avenue",Laurel,MD,Maryland,20707,"United States",JacobTout@einrot.com,301-497-4253,1,5/28/1988,28
111,female,Australian,Mrs.,Caitlin,W,McNulty,"3107 Pooz Street","New Brunswick",NJ,"New Jersey",08901,"United States",CaitlinMcNulty@cuvox.de,732-220-3681,1,2/21/1962,54
112,female,Australian,Ms.,Phoebe,S,Ratten,"4915 Northwest Boulevard",Washington,DC,"Washington DC",20008,"United States",PhoebeRatten@einrot.com,202-207-6642,1,11/16/1952,63
113,male,Australian,Mr.,Charlie,S,Rous,"2090 Carriage Court","San Diego",CA,California,92111,"United States",CharlieRous@rhyta.com,760-445-3888,1,9/14/1970,45
114,male,Australian,Mr.,Gabriel,A,Gallard,"749 Red Hawk Road","Clear Lake",MN,Minnesota,55319,"United States",GabrielGallard@fleckens.hu,320-743-0988,1,5/29/1981,35
115,female,Australian,Ms.,Stella,J,McMaster,"2614 Victoria Court",Westbrook,ME,Maine,04092,"United States",StellaMcMaster@einrot.com,207-415-2077,1,1/6/1989,27
116,female,Australian,Ms.,Isabel,J,Makinson,"1914 Chicago Avenue",Fresno,CA,California,93721,"United States",IsabelMakinson@cuvox.de,559-531-8753,1,10/13/1974,41
117,female,Australian,Ms.,Lily,J,McIntosh,"690 Norma Avenue",Dayton,OH,Ohio,45402,"United States",LilyMcIntosh@superrito.com,937-208-1377,1,10/30/1983,32
118,male,Australian,Mr.,Jett,S,Lynas,"3949 Horner Street",Akron,OH,Ohio,44308,"United States",JettLynas@jourrapide.com,330-970-0713,1,1/6/1958,58
119,female,Australian,Mrs.,Kate,B,Rankin,"2739 Baker Avenue",Arlington,TX,Texas,76011,"United States",KateRankin@gustr.com,817-913-8272,1,3/11/1970,46
120,female,Australian,Ms.,Jessica,H,Opas,"2381 Sugarfoot Lane",Lafayette,IN,Indiana,47906,"United States",JessicaOpas@gustr.com,765-496-3460,1,6/8/1956,60
121,female,Australian,Ms.,Lola,N,Chelmsford,"2914 Capitol Avenue","Buck Creek",IN,Indiana,47924,"United States",LolaChelmsford@dayrep.com,765-589-2717,1,3/22/1959,57
122,female,Australian,Mrs.,Sarah,J,Claire,"2316 Browning Lane",Binghamton,NY,"New York",13901,"United States",SarahClaire@fleckens.hu,607-850-2739,1,2/27/1956,60
123,female,Australian,Mrs.,Brianna,L,Fadden,"132 Round Table Drive",Cincinnati,OH,Ohio,45241,"United States",BriannaFadden@cuvox.de,513-786-1909,1,6/1/1969,47
124,female,Australian,Mrs.,Caitlyn,H,Rivett,"1316 Burton Avenue",Memphis,TN,Tennessee,38117,"United States",CaitlynRivett@teleworm.us,901-681-1465,1,7/6/1979,37
125,female,Australian,Mrs.,Amber,T,Beggs,"4627 Renwick Drive",Philadelphia,PA,Pennsylvania,19108,"United States",AmberBeggs@dayrep.com,484-237-0951,1,1/21/1957,59
126,male,Australian,Mr.,Connor,R,Flakelar,"1190 Rockwell Lane","Rocky Mount",NC,"North Carolina",27801,"United States",ConnorFlakelar@gustr.com,252-541-0437,1,6/11/1981,35
127,female,Australian,Ms.,Alana,L,Hanran,"913 College Street",Decatur,GA,Georgia,30030,"United States",AlanaHanran@dayrep.com,404-312-0023,1,8/24/1976,39
128,female,Australian,Mrs.,Molly,Z,Torres,"118 Linden Avenue",Maitland,FL,Florida,32751,"United States",MollyTorres@rhyta.com,407-597-5122,1,3/4/1954,62
129,female,Australian,Ms.,Jade,L,Reginald,"1755 Mcwhorter Road",Greenwood,MS,Mississippi,38903,"United States",JadeReginald@armyspy.com,662-455-8646,1,6/1/1952,64
130,female,Australian,Mrs.,Isabella,E,Hinder,"1049 Spring Haven Trail",Newark,NJ,"New Jersey",07102,"United States",IsabellaHinder@cuvox.de,973-752-9149,1,1/15/1979,37
131,female,Australian,Ms.,Isabel,D,Chapple,"1158 Corbin Branch Road",Chattanooga,TN,Tennessee,37403,"United States",IsabelChapple@einrot.com,423-425-7501,1,8/16/1954,61
132,male,Australian,Mr.,Oscar,K,Marchant,"1335 New Street",Ridgeview,OR,Oregon,83624,"United States",OscarMarchant@jourrapide.com,541-339-2364,1,9/18/1972,43
133,female,Australian,Ms.,Jorja,N,MacPherson,"3468 Watson Lane","San Antonio",TX,Texas,78212,"United States",JorjaMacPherson@dayrep.com,830-200-1647,1,2/3/1984,32
134,male,Australian,Mr.,Xavier,M,Hodges,"1275 Benedum Drive",Congers,NY,"New York",10920,"United States",XavierHodges@superrito.com,845-267-8667,1,6/9/1957,59
135,female,Australian,Ms.,Makayla,J,Fuhrman,"3081 Selah Way",Brattleboro,VT,Vermont,05301,"United States",MakaylaFuhrman@rhyta.com,802-705-5883,1,8/15/1960,55
136,female,Australian,Ms.,Ella,D,Clogstoun,"556 Hampton Meadows",Cambridge,MA,Massachusetts,02141,"United States",EllaClogstoun@einrot.com,978-331-6476,1,5/1/1974,42
137,female,Australian,Ms.,Jorja,L,Yagan,"1539 Cheshire Road",Greenwich,CT,Connecticut,06830,"United States",JorjaYagan@gustr.com,203-422-5041,1,8/31/1961,54
138,female,Australian,Ms.,Abby,T,Lawless,"2568 Mulberry Avenue",Searcy,AR,Arkansas,72143,"United States",AbbyLawless@gustr.com,501-368-2569,1,5/25/1964,52
139,male,Australian,Mr.,Bailey,S,FitzGibbon,"4421 Martha Ellen Drive",Reno,NV,Nevada,89509,"United States",BaileyFitzGibbon@gustr.com,775-824-6929,1,3/17/1957,59
140,female,Australian,Ms.,Alannah,J,Glover,"1672 Corpening Drive",Pontiac,MI,Michigan,48057,"United States",AlannahGlover@dayrep.com,248-393-4549,1,5/31/1968,48
141,female,Australian,Dr.,Zoe,C,Laseron,"330 Ella Street","Mountain View",CA,California,94041,"United States",ZoeLaseron@superrito.com,650-210-2815,1,11/1/1980,35
142,male,Australian,Mr.,James,A,Tardent,"1266 Frosty Lane",Owego,NY,"New York",13827,"United States",JamesTardent@gustr.com,607-689-6767,1,3/9/1970,46
143,female,Australian,Ms.,Amy,J,Barrington,"2731 Memory Lane",Rockford,IL,Illinois,61101,"United States",AmyBarrington@superrito.com,815-965-1307,1,5/28/1965,51
144,female,Australian,Ms.,Lily,M,Horder,"4223 Grant Street",Omaha,TX,Texas,75571,"United States",LilyHorder@cuvox.de,903-884-8939,1,10/14/1977,38
145,male,Australian,Dr.,Aaron,C,Gates,"292 Dale Avenue",Seattle,WA,Washington,98119,"United States",AaronGates@rhyta.com,253-750-6101,1,3/4/1969,47
146,male,Australian,Mr.,Hugo,L,Moubray,"618 Echo Lane","Grand Rapids",MI,Michigan,49503,"United States",HugoMoubray@dayrep.com,269-953-5411,1,12/3/1950,65
147,female,Australian,Ms.,Erin,Z,Julia,"1295 Horizon Circle",Auburn,WA,Washington,98001,"United States",ErinJulia@cuvox.de,253-569-2047,1,7/17/1960,56
148,female,Australian,Ms.,Bianca,T,Ennor,"2398 Dark Hollow Road",Briggsville,WI,Wisconsin,53920,"United States",BiancaEnnor@jourrapide.com,608-981-4491,1,1/2/1982,34
149,male,Australian,Mr.,Isaac,A,Gibbons,"4827 Godfrey Road",Manhattan,NY,"New York",10016,"United States",IsaacGibbons@jourrapide.com,212-532-7056,1,6/5/1955,61
150,female,Australian,Ms.,Maya,S,Edgell,"2331 Hazelwood Avenue","Gilmore City",IA,Iowa,50541,"United States",MayaEdgell@rhyta.com,515-373-3130,1,2/15/1966,50
151,male,Australian,Mr.,Noah,M,Wilding,"754 Cerullo Road",Louisville,KY,Kentucky,40205,"United States",NoahWilding@dayrep.com,502-451-7756,1,11/22/1983,32
152,male,Australian,Mr.,James,C,Salkauskas,"1254 Plainfield Avenue",Syracuse,NY,"New York",13202,"United States",JamesSalkauskas@einrot.com,315-526-6929,1,8/19/1967,48
153,female,Australian,Ms.,Natalie,S,Cambage,"3708 Adonais Way",Jonesboro,GA,Georgia,30236,"United States",NatalieCambage@gustr.com,678-479-9017,1,9/27/1952,63
154,female,Australian,Mrs.,Eden,N,Kerferd,"2415 Franklin Avenue","Corpus Christi",TX,Texas,78418,"United States",EdenKerferd@superrito.com,361-961-9043,1,10/25/1979,36
155,male,Australian,Mr.,Nathan,A,Fitzsimons,"748 Cedarstone Drive",Bloomdale,OH,Ohio,44817,"United States",NathanFitzsimons@superrito.com,419-454-8505,1,8/6/1980,35
156,female,Australian,Ms.,Mariam,T,Mauldon,"4049 Burnside Court",Phoenix,AZ,Arizona,85008,"United States",MariamMauldon@teleworm.us,602-392-4246,1,11/4/1951,64
157,male,Australian,Mr.,Jack,E,Lloyd,"3569 Shinn Avenue",Pittsburgh,PA,Pennsylvania,15212,"United States",JackLloyd@jourrapide.com,724-497-9866,1,6/28/1984,32
158,female,Australian,Ms.,Zara,H,Annand,"4934 Monroe Avenue",Bradenton,FL,Florida,34205,"United States",ZaraAnnand@einrot.com,941-708-7868,1,8/19/1964,51
159,male,Australian,Mr.,Declan,L,Frith,"3503 Rocket Drive","Golden Valley",MN,Minnesota,55427,"United States",DeclanFrith@einrot.com,612-916-9354,1,5/19/1978,38
160,female,Australian,Mrs.,Amy,L,Pigdon,"4529 Cimmaron Road",Anaheim,CA,California,92801,"United States",AmyPigdon@einrot.com,714-552-1879,1,12/7/1956,59
161,female,Australian,Mrs.,Natalie,T,Mawson,"1341 Oxford Court",Eupora,MS,Mississippi,39744,"United States",NatalieMawson@einrot.com,662-250-3394,1,8/19/1958,57
162,male,Australian,Mr.,Marcus,S,Devine,"14 Cross Street","Mount Pleasant",MI,Michigan,48858,"United States",MarcusDevine@gustr.com,989-953-7814,1,6/18/1982,34
163,female,Australian,Mrs.,Mia,D,McLaughlin,"1557 Kinney Street",Springfield,MA,Massachusetts,01103,"United States",MiaMcLaughlin@jourrapide.com,413-454-4927,1,12/20/1955,60
164,female,Australian,Mrs.,Mariam,H,Price,"2225 Karen Lane",Finchville,KY,Kentucky,40022,"United States",MariamPrice@teleworm.us,502-834-0063,1,7/13/1986,30
165,female,Australian,Ms.,Alannah,M,Ratten,"1578 Holden Street","San Diego",CA,California,92105,"United States",AlannahRatten@einrot.com,619-282-9867,1,9/28/1954,61
166,female,Australian,Ms.,Bianca,F,Anton,"156 Rocket Drive",Westerville,OH,Ohio,43081,"United States",BiancaAnton@cuvox.de,614-206-5142,1,11/2/1962,53
167,female,Australian,Ms.,Elizabeth,C,Metcalfe,"4158 Concord Street",Charlotte,NC,"North Carolina",28208,"United States",ElizabethMetcalfe@superrito.com,704-500-6005,1,2/26/1964,52
168,female,Australian,Mrs.,Ellie,B,Way,"3161 Brown Avenue",Greenville,SC,"South Carolina",29607,"United States",EllieWay@dayrep.com,864-915-5135,1,5/29/1963,53
169,female,Australian,Ms.,Mackenzie,L,Mudie,"586 Reel Avenue",Albuquerque,NM,"New Mexico",87102,"United States",MackenzieMudie@dayrep.com,505-303-8992,1,9/18/1956,59
170,female,Australian,Dr.,Alice,A,Triaca,"4264 Woodland Avenue",Bogalusa,LA,Louisiana,70427,"United States",AliceTriaca@einrot.com,985-732-6463,1,10/7/1964,51
171,male,Australian,Mr.,Matthew,C,Southwell,"4204 Pheasant Ridge Road",Philadelphia,PA,Pennsylvania,19103,"United States",MatthewSouthwell@einrot.com,215-587-9796,1,9/13/1974,41
172,female,Australian,Mrs.,Kayla,O,Bannister,"4934 Woodland Drive",Estherville,IA,Iowa,51334,"United States",KaylaBannister@gustr.com,712-209-7336,1,12/10/1980,35
173,female,Australian,Ms.,Bella,B,Estell,"656 Sherwood Circle",Lafayette,LA,Louisiana,70501,"United States",BellaEstell@einrot.com,337-271-6270,1,8/23/1987,28
174,male,Australian,Mr.,William,I,Raff,"4096 Godfrey Road","New York",NY,"New York",10019,"United States",WilliamRaff@teleworm.us,212-581-3344,1,9/22/1950,65
175,female,Australian,Ms.,Tayla,W,Trefl,"2893 Moore Avenue","Fort Worth",TX,Texas,76111,"United States",TaylaTrefl@fleckens.hu,817-759-8212,1,9/20/1950,65
176,male,Australian,Mr.,Cody,S,Deering,"4302 Horner Street","Cuyahoga Falls",OH,Ohio,44221,"United States",CodyDeering@fleckens.hu,330-912-7271,1,1/12/1954,62
177,female,Australian,Mrs.,Ellie,C,Koch,"1163 Andy Street",Ardmore,SD,"South Dakota",57715,"United States",EllieKoch@superrito.com,605-459-7573,1,1/3/1977,39
178,male,Australian,Mr.,Joel,E,Crooks,"4579 College Street","Stone Mountain",GA,Georgia,30083,"United States",JoelCrooks@armyspy.com,404-343-3780,1,3/15/1990,26
179,female,Australian,Ms.,Chelsea,D,Lymburner,"4445 Orphan Road",Buffalo,NY,"New York",14202,"United States",ChelseaLymburner@einrot.com,716-238-6429,1,6/23/1963,53
180,female,Australian,Mrs.,Isabel,S,Nona,"4925 Broad Street",Birmingham,AL,Alabama,35222,"United States",IsabelNona@dayrep.com,205-454-8115,1,12/31/1987,28
181,female,Australian,Mrs.,Lily,H,Grayson,"2487 Chipmunk Lane",Portland,ME,Maine,04101,"United States",LilyGrayson@cuvox.de,207-814-8451,1,7/7/1981,35
182,female,Australian,Ms.,Anna,L,Bride,"2120 Stoney Lonesome Road",Williamsport,PA,Pennsylvania,17701,"United States",AnnaBride@fleckens.hu,570-326-8544,1,6/18/1971,45
183,female,Australian,Ms.,Sarah,J,Hides,"3904 Hannah Street",Franklin,NC,"North Carolina",28734,"United States",SarahHides@einrot.com,828-369-7312,1,11/2/1985,30
184,female,Australian,Ms.,Molly,N,Glyde,"2678 Mahlon Street","Farmington Hills",MI,Michigan,48335,"United States",MollyGlyde@teleworm.us,734-220-1797,1,8/4/1955,60
185,male,Australian,Mr.,Dylan,P,Faithful,"2283 Sycamore Circle",Bismarck,ND,"North Dakota",58501,"United States",DylanFaithful@teleworm.us,701-222-9962,1,8/6/1970,45
186,female,Australian,Ms.,Georgia,C,Mead,"1055 Patton Lane",Garner,NC,"North Carolina",27529,"United States",GeorgiaMead@fleckens.hu,919-215-8442,1,11/6/1972,43
187,female,Australian,Mrs.,Lucy,J,Currey,"1018 Kincheloe Road",Portland,OR,Oregon,97205,"United States",LucyCurrey@jourrapide.com,503-486-6185,1,9/3/1951,64
188,male,Australian,Mr.,Hunter,K,Warren,"1443 Lynn Ogden Lane",Beaumont,TX,Texas,77701,"United States",HunterWarren@gustr.com,409-754-1229,1,11/13/1966,49
189,female,Australian,Ms.,Natalie,J,Frayne,"2763 Private Lane",Albany,GA,Georgia,31701,"United States",NatalieFrayne@jourrapide.com,229-274-6028,1,11/23/1967,48
190,male,Australian,Mr.,Jackson,Z,Clark,"2772 Steve Hunt Road","Opa Locka",FL,Florida,33054,"United States",JacksonClark@jourrapide.com,305-769-4394,1,5/5/1988,28
191,female,Australian,Ms.,Eden,I,Fanny,"2363 Commerce Boulevard",Beemer,NE,Nebraska,68716,"United States",EdenFanny@einrot.com,402-528-6477,1,1/10/1989,27
192,female,Australian,Ms.,Eva,N,Sharkey,"1309 Argonne Street",Philadelphia,DE,Delaware,19103,"United States",EvaSharkey@rhyta.com,302-269-0391,1,5/22/1949,67
193,female,Australian,Ms.,Sarah,S,Jewell,"1133 Fieldcrest Road","New York",NY,"New York",10011,"United States",SarahJewell@einrot.com,631-857-6854,1,5/8/1977,39
194,male,Australian,Dr.,John,R,Elder,"4473 Bryan Street",Greensboro,NC,"North Carolina",27403,"United States",JohnElder@gustr.com,336-292-1236,1,3/18/1982,34
195,female,Australian,Ms.,Natalie,T,Stanbury,"3361 Lyon Avenue",Worcester,MA,Massachusetts,01608,"United States",NatalieStanbury@einrot.com,508-919-4289,1,4/21/1981,35
196,female,Australian,Mrs.,Victoria,A,Esmond,"574 Winding Way",Providence,RI,"Rhode Island",02903,"United States",VictoriaEsmond@rhyta.com,401-691-5623,1,2/5/1962,54
197,female,Australian,Ms.,Alannah,B,Roseby,"1736 College Street","Forest Park",GA,Georgia,30050,"United States",AlannahRoseby@teleworm.us,404-361-1479,1,1/23/1989,27
198,female,Australian,Ms.,Lucinda,B,Harrap,"4979 Moonlight Drive",Pennsauken,NJ,"New Jersey",08110,"United States",LucindaHarrap@einrot.com,609-672-8303,1,5/18/1985,31
199,female,Australian,Mrs.,Stephanie,A,Stephens,"4069 Junkins Avenue",Ashburn,GA,Georgia,31714,"United States",StephanieStephens@teleworm.us,229-566-6528,1,11/17/1982,33
200,female,Australian,Mrs.,Stella,N,Floyd,"2516 Park Boulevard",Casey,IA,Iowa,50048,"United States",StellaFloyd@dayrep.com,641-740-5773,1,7/30/1957,58
201,female,Australian,Mrs.,Layla,Z,Silas,"4517 Woodlawn Drive","New Berlin",WI,Wisconsin,53151,"United States",LaylaSilas@rhyta.com,414-610-4723,1,10/13/1953,62
202,male,Australian,Mr.,Lincoln,K,Willshire,"3705 Whispering Pines Circle",Dallas,TX,Texas,75287,"United States",LincolnWillshire@rhyta.com,972-380-2282,1,4/4/1960,56
203,female,Australian,Ms.,Piper,J,Schlink,"3128 McDonald Avenue","Lake Buena Vista",FL,Florida,32830,"United States",PiperSchlink@armyspy.com,407-824-7034,1,5/7/1988,28
204,female,Australian,Ms.,Jasmine,N,Winning,"473 Lowes Alley",Mansfield,OH,Ohio,44907,"United States",JasmineWinning@rhyta.com,740-233-0096,1,9/23/1950,65
205,female,Australian,Mrs.,Amelie,N,Despeissis,"1873 Redbud Drive","New York",NY,"New York",10013,"United States",AmelieDespeissis@fleckens.hu,347-873-8096,1,8/18/1962,53
206,female,Australian,Mrs.,Angelina,L,McBurney,"1248 Wescam Court",Pioche,NV,Nevada,89043,"United States",AngelinaMcBurney@armyspy.com,775-962-5985,1,1/29/1965,51
207,female,Australian,Ms.,Lilly,J,Beveridge,"2146 Froe Street",Coalwood,WV,"West Virginia",24824,"United States",LillyBeveridge@armyspy.com,304-297-1807,1,9/11/1952,63
208,female,Australian,Mrs.,Hannah,H,Tullipan,"54 Meadow View Drive","East Hartford",CT,Connecticut,06108,"United States",HannahTullipan@cuvox.de,860-565-6817,1,10/17/1962,53
209,male,Australian,Mr.,Aidan,M,Whittle,"1397 Lunetta Street",Denton,TX,Texas,76201,"United States",AidanWhittle@superrito.com,940-891-1837,1,5/8/1981,35
210,female,Australian,Mrs.,Rose,T,Primrose,"4511 Briarhill Lane",Youngstown,OH,Ohio,44503,"United States",RosePrimrose@superrito.com,330-299-6302,1,6/24/1956,60
211,female,Australian,Mrs.,Eden,L,Bischof,"3946 Northwest Boulevard","Rochelle Park",NJ,"New Jersey",07662,"United States",EdenBischof@teleworm.us,201-940-9658,1,12/9/1959,56
212,female,Australian,Dr.,Lucinda,L,Mickey,"1013 Jones Avenue",Harmony,NC,"North Carolina",28634,"United States",LucindaMickey@superrito.com,336-753-3526,1,2/5/1956,60
213,female,Australian,Ms.,Milla,W,McKinley,"587 Williams Mine Road",Secaucus,NJ,"New Jersey",07094,"United States",MillaMcKinley@fleckens.hu,908-248-4270,1,5/25/1985,31
214,female,Australian,Mrs.,Sophie,J,Foskett,"3304 Rockford Road",Boston,MA,Massachusetts,02210,"United States",SophieFoskett@armyspy.com,774-893-2233,1,2/14/1980,36
215,female,Australian,Mrs.,Alexis,E,Kosovich,"4957 Oakwood Avenue","New York",NY,"New York",10011,"United States",AlexisKosovich@teleworm.us,212-620-3474,1,8/7/1984,31
216,female,Australian,Ms.,Piper,J,Refshauge,"3305 Twin Willow Lane",Wilmington,NC,"North Carolina",28405,"United States",PiperRefshauge@cuvox.de,910-448-3980,1,10/17/1988,27
217,female,Australian,Dr.,Amelie,J,Michael,"2586 Perine Street",Fairfax,VA,Virginia,22032,"United States",AmelieMichael@superrito.com,703-764-4926,1,9/25/1957,58
218,female,Australian,Ms.,Indiana,J,Vennard,"1166 McDonald Avenue","Saint Cloud",FL,Florida,34769,"United States",IndianaVennard@jourrapide.com,407-957-3114,1,6/17/1971,45
219,male,Australian,Mr.,Hudson,M,Clark,"3548 Ridge Road",Sharon,KS,Kansas,67138,"United States",HudsonClark@cuvox.de,620-825-4743,1,9/23/1969,46
220,female,Australian,Ms.,Natasha,B,Fantl,"108 Happy Hollow Road",Wilmington,NC,"North Carolina",28405,"United States",NatashaFantl@teleworm.us,910-523-0331,1,3/31/1967,49
221,female,Australian,Mrs.,Ava,C,Flinn,"3172 Highland View Drive",Sacramento,CA,California,95814,"United States",AvaFlinn@gustr.com,916-594-7886,1,4/14/1965,51
222,female,Australian,Mrs.,Maya,J,Allport,"1277 Philli Lane",Tulsa,OK,Oklahoma,74119,"United States",MayaAllport@rhyta.com,918-525-7543,1,7/18/1990,26
223,female,Australian,Mrs.,Zara,K,Huntingfield,"4868 Pheasant Ridge Road",Philadelphia,PA,Pennsylvania,19103,"United States",ZaraHuntingfield@dayrep.com,215-488-0234,1,3/12/1957,59
224,female,Australian,Mrs.,Milla,G,Kentish,"4021 Masonic Drive","East Conrad",MT,Montana,59425,"United States",MillaKentish@jourrapide.com,406-627-1359,1,10/15/1970,45
225,male,Australian,Mr.,Flynn,A,Nugan,"2504 Johnny Lane",Milwaukee,WI,Wisconsin,53202,"United States",FlynnNugan@dayrep.com,414-236-3316,1,9/28/1972,43
226,female,Australian,Ms.,Amy,T,Rabinovitch,"797 Fowler Avenue",Norcross,GA,Georgia,30071,"United States",AmyRabinovitch@gustr.com,770-213-2072,1,7/27/1988,27
227,female,Australian,Ms.,Bethany,T,Harford,"4023 Butternut Lane",Albion,IL,Illinois,62806,"United States",BethanyHarford@dayrep.com,618-445-5498,1,2/28/1948,68
228,female,Australian,Ms.,Bella,H,McAlpine,"3705 Union Street",Seattle,WA,Washington,98109,"United States",BellaMcAlpine@gustr.com,206-663-0997,1,3/25/1954,62
229,female,Australian,Ms.,Gemma,H,Egge,"1042 Valley View Drive",Boston,MA,Massachusetts,02109,"United States",GemmaEgge@dayrep.com,617-728-0114,1,8/13/1972,43
230,female,Australian,Mrs.,Layla,E,Guy,"886 Sampson Street",Denver,CO,Colorado,80202,"United States",LaylaGuy@armyspy.com,303-572-8372,1,6/3/1968,48
231,male,Australian,Mr.,Ben,J,Chaffey,"4465 Mahlon Street",Piscataway,NJ,"New Jersey",08854,"United States",BenChaffey@gustr.com,732-966-1364,1,4/21/1952,64
232,female,Australian,Mrs.,Indiana,N,Luker,"4504 Buckhannan Avenue",Syracuse,NY,"New York",13202,"United States",IndianaLuker@dayrep.com,315-418-0148,1,9/27/1967,48
233,male,Australian,Mr.,James,B,Newcomb,"2722 Weekley Street","San Antonio",TX,Texas,78205,"United States",JamesNewcomb@cuvox.de,210-370-5749,1,1/21/1957,59
234,female,Australian,Mrs.,Lara,H,Kreitmayer,"1320 Hickory Heights Drive",Hanover,MD,Maryland,21076,"United States",LaraKreitmayer@teleworm.us,443-866-3991,1,1/14/1968,48
235,female,Australian,Mrs.,Jorja,J,Bedford,"1325 Wright Court",Burien,WA,Washington,98168,"United States",JorjaBedford@einrot.com,206-214-2739,1,1/6/1982,34
236,female,Australian,Dr.,Alana,A,Clancy,"1400 Froe Street",Weirton,WV,"West Virginia",26062,"United States",AlanaClancy@teleworm.us,304-374-6831,1,3/18/1980,36
237,female,Australian,Mrs.,Evie,E,Dwight,"3725 Hart Ridge Road",Saginaw,MI,Michigan,48601,"United States",EvieDwight@teleworm.us,989-282-9035,1,12/15/1974,41
238,female,Australian,Mrs.,Milla,L,Johnson,"2841 Pinnickinnick Street","Van Hiseville",NJ,"New Jersey",08527,"United States",MillaJohnson@dayrep.com,732-833-8902,1,11/20/1952,63
239,female,Australian,Mrs.,Gabriella,W,Elliston,"2059 Reeves Street","Sheboygan Falls",WI,Wisconsin,53085,"United States",GabriellaElliston@fleckens.hu,920-813-0861,1,5/15/1976,40
240,female,Australian,Mrs.,Isabelle,L,Hovell,"4851 Chandler Hollow Road","Midfield Term",PA,Pennsylvania,15231,"United States",IsabelleHovell@cuvox.de,412-472-8296,1,4/6/1965,51
241,male,Australian,Mr.,Angus,A,Pickworth,"4180 Fairmont Avenue",Trenton,MO,Missouri,64683,"United States",AngusPickworth@einrot.com,660-359-3484,1,11/15/1987,28
242,female,Australian,Mrs.,Tahlia,G,Lacey,"4 Skips Lane",Safford,AZ,Arizona,85546,"United States",TahliaLacey@armyspy.com,928-552-3048,1,12/2/1957,58
243,female,Australian,Mrs.,Erin,J,Spargo,"2654 Irving Road",Columbus,OH,Ohio,43201,"United States",ErinSpargo@rhyta.com,740-478-5764,1,9/27/1976,39
244,male,Australian,Mr.,Ryan,G,Neumayer,"1175 Owagner Lane",Seattle,WA,Washington,98119,"United States",RyanNeumayer@gustr.com,206-301-6719,1,1/14/1979,37
245,female,Australian,Mrs.,Summer,S,Oldfield,"4193 Lighthouse Drive",Avilla,MO,Missouri,64833,"United States",SummerOldfield@dayrep.com,417-246-6680,1,10/15/1967,48
246,female,Australian,Ms.,Charlotte,C,Barton,"2069 Station Street",Hayward,CA,California,94541,"United States",CharlotteBarton@dayrep.com,510-888-4934,1,7/30/1968,47
247,male,Australian,Mr.,Koby,E,Rusden,"1046 Glendale Avenue",Fullerton,CA,California,93632,"United States",KobyRusden@gustr.com,818-645-7984,1,12/6/1969,46
248,male,Australian,Mr.,Callum,M,Buxton,"2952 Oak Drive",Albany,NY,"New York",12204,"United States",CallumBuxton@einrot.com,518-653-2446,1,10/20/1984,31
249,female,Australian,Mrs.,Erin,A,Agaundo,"2242 Boone Crockett Lane",Shelton,WA,Washington,98584,"United States",ErinAgaundo@superrito.com,360-401-2300,1,6/3/1988,28
250,female,Australian,Ms.,Zoe,M,Chalmers,"1195 Woodland Drive","Sioux City",IA,Iowa,51106,"United States",ZoeChalmers@jourrapide.com,712-274-0136,1,7/9/1989,27
251,female,Australian,Mrs.,Alexandra,M,Quentin,"2459 Brannon Avenue",Jacksonville,FL,Florida,32216,"United States",AlexandraQuentin@cuvox.de,904-860-2034,1,9/4/1956,59
252,male,Australian,Mr.,Logan,E,Horne,"3230 College Avenue",Dayton,OH,Ohio,45402,"United States",LoganHorne@jourrapide.com,937-425-4966,1,1/6/1973,43
253,female,Australian,Ms.,Kaitlyn,J,Osman,"548 Eagle Lane",Marcell,MN,Minnesota,56637,"United States",KaitlynOsman@cuvox.de,218-832-0537,1,6/21/1990,26
254,female,Australian,Ms.,Kate,N,Dalley-Scarlett,"2389 Goldcliff Circle",Washington,DC,"Washington DC",20024,"United States",KateDalley-Scarlett@teleworm.us,202-646-6070,1,9/10/1974,41
255,female,Australian,Mrs.,Sofia,A,Halse,"4538 Cherry Camp Road","Hickory Hills",IL,Illinois,60457,"United States",SofiaHalse@dayrep.com,773-485-3026,1,9/22/1971,44
256,male,Australian,Mr.,Jesse,R,Clews,"454 Davis Place",Toledo,OH,Ohio,43604,"United States",JesseClews@superrito.com,419-259-8214,1,2/12/1974,42
257,female,Australian,Ms.,Angelina,M,Muskett,"4077 North Avenue",Panama,NE,Nebraska,68419,"United States",AngelinaMuskett@superrito.com,402-788-2882,1,6/5/1988,28
258,male,Australian,Mr.,Justin,M,Handt,"2749 Stroop Hill Road",Atlanta,GA,Georgia,30342,"United States",JustinHandt@dayrep.com,404-843-9756,1,3/13/1987,29
259,male,Australian,Mr.,Harry,A,Jose,"2237 Strother Street",Alabaster,AL,Alabama,35007,"United States",HarryJose@teleworm.us,205-620-1128,1,11/11/1972,43
260,female,Australian,Mrs.,Hayley,C,Hallstrom,"4938 Charmaine Lane",Farwell,TX,Texas,79325,"United States",HayleyHallstrom@superrito.com,806-481-6243,1,12/22/1977,38
261,male,Australian,Mr.,Harrison,S,"St Leon","2569 Libby Street",Burbank,CA,California,91505,"United States",HarrisonStLeon@einrot.com,310-266-5063,1,11/22/1947,68
262,female,Australian,Ms.,Jasmine,W,Mosman,"582 Carson Street",Lexington,KY,Kentucky,40507,"United States",JasmineMosman@gustr.com,859-254-2667,1,6/22/1960,56
263,male,Australian,Mr.,Ali,M,Card,"3023 Dovetail Estates","Roger Mills",OK,Oklahoma,73628,"United States",AliCard@armyspy.com,580-983-7674,1,12/5/1957,58
264,female,Australian,Mrs.,Olivia,H,Gottshall,"1562 Pinnickinnick Street",Woodbridge,NJ,"New Jersey",07095,"United States",OliviaGottshall@superrito.com,732-855-4018,1,7/11/1987,29
265,female,Australian,Ms.,Natasha,B,Shillito,"4751 Diamond Street",Boone,NC,"North Carolina",28607,"United States",NatashaShillito@cuvox.de,828-457-2531,1,5/2/1986,30
266,male,Australian,Mr.,David,A,Lapsley,"3933 Passaic Street",Newark,NJ,"New Jersey",07102,"United States",DavidLapsley@armyspy.com,201-467-6220,1,4/14/1980,36
267,female,Australian,Ms.,Tayla,M,Gruner,"2570 Berkley Street",Philadelphia,PA,Pennsylvania,19103,"United States",TaylaGruner@fleckens.hu,484-918-4661,1,11/23/1948,67
268,male,Australian,Mr.,Jack,T,Brewster,"4726 Wetzel Lane","Old Mission",MI,Michigan,49673,"United States",JackBrewster@jourrapide.com,231-223-3205,1,9/13/1970,45
269,female,Australian,Mrs.,Ashley,D,Buss,"3624 Pickens Way",Athens,TX,Texas,75751,"United States",AshleyBuss@einrot.com,903-286-6631,1,1/21/1979,37
270,female,Australian,Ms.,Eden,J,Finnis,"4028 Brannon Avenue",Jacksonville,FL,Florida,32202,"United States",EdenFinnis@einrot.com,904-818-2886,1,3/17/1968,48
271,male,Australian,Mr.,Joshua,I,Unwin,"701 Rosebud Avenue",Banks,AR,Arkansas,71631,"United States",JoshuaUnwin@superrito.com,870-465-5875,1,11/5/1951,64
272,female,Australian,Mrs.,Phoebe,H,Rede,"2408 Scenicview Drive",Redmond,WA,Washington,98052,"United States",PhoebeRede@teleworm.us,425-956-9271,1,9/26/1988,27
273,female,Australian,Ms.,Phoebe,H,Hussey,"2130 Calico Drive",Spokane,WA,Washington,99201,"United States",PhoebeHussey@teleworm.us,509-624-8311,1,9/20/1977,38
274,female,Australian,Ms.,Charli,J,Bardon,"3327 Lee Avenue","Laurel Springs",NJ,"New Jersey",08021,"United States",CharliBardon@cuvox.de,856-346-3203,1,1/18/1950,66
275,female,Australian,Mrs.,Phoebe,D,Warner,"2032 Fidler Drive","San Antonio",TX,Texas,78238,"United States",PhoebeWarner@dayrep.com,210-706-4252,1,9/13/1968,47
276,male,Australian,Mr.,Aaron,K,Thyer,"4576 Jefferson Street",Norfolk,VA,Virginia,23502,"United States",AaronThyer@fleckens.hu,757-696-3807,1,2/21/1972,44
277,male,Australian,Mr.,Jaxon,L,Charlesworth,"4231 Wood Street",Saginaw,MI,Michigan,48607,"United States",JaxonCharlesworth@superrito.com,989-228-1427,1,1/16/1986,30
278,female,Australian,Ms.,Amber,M,Withers,"351 Point Street","Hickory Hills",IL,Illinois,60457,"United States",AmberWithers@superrito.com,773-882-3179,1,9/19/1952,63
279,female,Australian,Ms.,Isla,N,Allcot,"4544 Collins Avenue",Westerville,OH,Ohio,43081,"United States",IslaAllcot@gustr.com,614-865-2496,1,9/6/1979,36
280,female,Australian,Ms.,Ruby,A,Torode,"1825 Parrish Avenue","San Antonio",TX,Texas,78205,"United States",RubyTorode@cuvox.de,830-984-9123,1,1/10/1982,34
281,male,Australian,Mr.,Jacob,L,Dougherty,"3841 Lang Avenue","Mountain View",UT,Utah,82939,"United States",JacobDougherty@teleworm.us,435-779-3595,1,6/18/1977,39
282,female,Australian,Dr.,Chelsea,A,Skeyhill,"2717 Locust Court",Anaheim,CA,California,92801,"United States",ChelseaSkeyhill@dayrep.com,562-392-9832,1,6/4/1970,46
283,female,Australian,Ms.,Leah,Z,Abdullah,"3079 Crosswind Drive",Madisonville,KY,Kentucky,42431,"United States",LeahAbdullah@gustr.com,270-816-3259,1,4/9/1990,26
284,female,Australian,Ms.,Gemma,L,Sinnett,"1154 Southern Street","Long Island City",NY,"New York",11101,"United States",GemmaSinnett@jourrapide.com,516-634-7440,1,8/5/1982,33
285,female,Australian,Ms.,Holly,E,Boulger,"757 Oakway Lane",Irvine,CA,California,92614,"United States",HollyBoulger@armyspy.com,818-335-5988,1,6/13/1975,41
286,female,Australian,Ms.,Skye,H,Weston,"2959 Hog Camp Road",Northbrook,IL,Illinois,60062,"United States",SkyeWeston@superrito.com,708-533-3152,1,2/7/1982,34
287,female,Australian,Ms.,Maya,J,Kavanaugh,"3370 Geraldine Lane","New York",NY,"New York",10004,"United States",MayaKavanaugh@einrot.com,646-284-0925,1,4/11/1949,67
288,female,Australian,Ms.,Hayley,J,Godfrey,"1551 Mount Street",Gagetown,MI,Michigan,48735,"United States",HayleyGodfrey@einrot.com,989-665-6275,1,10/7/1960,55
289,female,Australian,Mrs.,Zoe,D,Parrott,"4125 Russell Street",Tewksbury,MA,Massachusetts,01876,"United States",ZoeParrott@armyspy.com,978-858-8939,1,6/5/1990,26
290,male,Australian,Mr.,Joseph,A,Tullipan,"3039 Small Street","New York",NY,"New York",10021,"United States",JosephTullipan@cuvox.de,212-861-8115,1,11/6/1950,65
291,female,Australian,Ms.,Savannah,N,Springthorpe,"4822 Westfall Avenue",Owatonna,MN,Minnesota,55060,"United States",SavannahSpringthorpe@jourrapide.com,507-214-0561,1,7/4/1970,46
292,female,Australian,Mrs.,Jessica,G,Bainton,"3235 Shadowmar Drive",Kenner,LA,Louisiana,70062,"United States",JessicaBainton@armyspy.com,504-914-6852,1,7/28/1969,46
293,female,Australian,Mrs.,Anna,H,Menge,"1303 Hazelwood Avenue","Des Moines",IA,Iowa,50309,"United States",AnnaMenge@rhyta.com,515-326-5057,1,12/12/1974,41
294,female,Australian,Ms.,Lara,S,Lillie,"848 Howard Street","Grand Rapids",MI,Michigan,49546,"United States",LaraLillie@armyspy.com,616-551-6150,1,1/11/1971,45
295,female,Australian,Mrs.,Elizabeth,J,Beggs,"1206 Green Hill Road","Fort Smith",AR,Arkansas,72908,"United States",ElizabethBeggs@teleworm.us,479-430-7733,1,5/11/1967,49
296,female,Australian,Mrs.,Sofia,C,Cusack,"2026 Doctors Drive",Torrance,CA,California,90505,"United States",SofiaCusack@superrito.com,310-378-3777,1,9/2/1952,63
297,female,Australian,Ms.,Ava,A,Threlfall,"3521 Brighton Circle Road","Lester Prairie",MN,Minnesota,55354,"United States",AvaThrelfall@gustr.com,320-395-5939,1,12/18/1967,48
298,female,Australian,Ms.,Victoria,J,Spence,"3800 Stockert Hollow Road",Redmond,WA,Washington,98052,"United States",VictoriaSpence@rhyta.com,425-936-8808,1,4/13/1959,57
299,male,Australian,Mr.,Toby,S,Coverdale,"2231 Upland Avenue",Greenwich,OH,Ohio,44837,"United States",TobyCoverdale@superrito.com,419-895-9846,1,4/22/1990,26
300,male,Australian,Mr.,Patrick,P,Marlowe,"4 Wilson Avenue",Dallas,TX,Texas,75240,"United States",PatrickMarlowe@jourrapide.com,972-458-8275,1,2/4/1968,48
301,male,Australian,Mr.,Taj,I,Felton,"231 Collins Street",Altoona,PA,Pennsylvania,16602,"United States",TajFelton@gustr.com,814-232-2150,1,12/23/1952,63
302,male,Australian,Mr.,Aaron,A,Deacon,"4049 Mapleview Drive",Memphis,TN,Tennessee,38128,"United States",AaronDeacon@superrito.com,731-296-5942,1,10/7/1956,59
303,female,Australian,Mrs.,Alexandra,B,Cordner,"1643 Ingram Road",Greensboro,NC,"North Carolina",27401,"United States",AlexandraCordner@gustr.com,336-641-1766,1,5/17/1977,39
304,male,Australian,Mr.,Mitchell,L,Zercho,"4856 Lords Way",Milledgeville,TN,Tennessee,38359,"United States",MitchellZercho@rhyta.com,731-687-2249,1,3/30/1978,38
305,female,Australian,Ms.,Alannah,M,Heaton,"302 Geneva Street","New York",NY,"New York",10011,"United States",AlannahHeaton@dayrep.com,917-456-5084,1,3/29/1977,39
306,male,Australian,Mr.,Marcus,C,McNamara,"3231 Star Route",Chicago,IL,Illinois,60654,"United States",MarcusMcNamara@armyspy.com,708-568-5481,1,5/12/1969,47
307,female,Australian,Mrs.,Sofia,N,Nuyts,"3057 Grove Avenue",Clinton,OK,Oklahoma,73601,"United States",SofiaNuyts@gustr.com,580-383-0150,1,12/1/1956,59
308,female,Australian,Ms.,Isabel,J,Herington,"1925 Owagner Lane","Mercer Island",WA,Washington,98040,"United States",IsabelHerington@jourrapide.com,206-275-7589,1,4/14/1975,41
309,female,Australian,Mrs.,Kiara,M,Wedgwood,"1559 Ashton Lane",Austin,TX,Texas,78701,"United States",KiaraWedgwood@einrot.com,512-479-5960,1,7/3/1977,39
310,female,Australian,Ms.,Sofia,D,Chaffey,"1851 James Street",Fairport,NY,"New York",14450,"United States",SofiaChaffey@einrot.com,585-748-7054,1,6/25/1984,32
311,female,Australian,Mrs.,Layla,L,Sellwood,"1919 Lena Lane",Hattiesburg,MS,Mississippi,39401,"United States",LaylaSellwood@gustr.com,601-494-0642,1,11/17/1968,47
312,female,Australian,Ms.,Isabella,W,Hirsch,"1827 Horizon Circle",Auburn,WA,Washington,98001,"United States",IsabellaHirsch@dayrep.com,253-569-8950,1,9/14/1960,55
313,male,Australian,Mr.,Alex,A,Goold,"3601 Buffalo Creek Road","Oak Grove",TN,Tennessee,37186,"United States",AlexGoold@dayrep.com,615-888-2297,1,3/20/1965,51
314,female,Australian,Mrs.,Lauren,J,Elisha,"3167 Woodland Avenue","New Orleans",LA,Louisiana,70171,"United States",LaurenElisha@einrot.com,985-605-1332,1,3/17/1969,47
315,female,Australian,Ms.,Isabella,L,Chatfield,"4382 Yorkie Lane",Savannah,GA,Georgia,31401,"United States",IsabellaChatfield@dayrep.com,912-944-5766,1,2/17/1976,40
316,female,Australian,Mrs.,Isla,A,Kendall,"2014 Burning Memory Lane",Philadelphia,PA,Pennsylvania,19145,"United States",IslaKendall@gustr.com,215-271-3723,1,2/14/1954,62
317,female,Australian,Ms.,Keira,J,O'Shea,"2023 School Street","New Haven",CT,Connecticut,06510,"United States",KeiraOShea@dayrep.com,203-785-0556,1,12/3/1972,43
318,female,Australian,Ms.,Brianna,M,Trenwith,"2472 Lodgeville Road","Saint Paul",MN,Minnesota,55114,"United States",BriannaTrenwith@rhyta.com,612-228-8250,1,6/12/1949,67
319,male,Australian,Mr.,Henry,R,Affleck,"3935 Tail Ends Road",Milwaukee,WI,Wisconsin,53202,"United States",HenryAffleck@superrito.com,920-524-2754,1,2/12/1987,29
320,female,Australian,Mrs.,Lara,H,Wills,"3752 Beech Street",Antioch,CA,California,94509,"United States",LaraWills@fleckens.hu,925-757-1874,1,1/28/1956,60
321,female,Australian,Ms.,Taylah,J,McBrien,"2396 Fincham Road","San Diego",CA,California,92111,"United States",TaylahMcBrien@einrot.com,760-520-3681,1,10/5/1950,65
322,male,Australian,Mr.,Lachlan,C,Vale,"1739 Pearcy Avenue","Fort Wayne",IN,Indiana,46809,"United States",LachlanVale@cuvox.de,260-747-4917,1,6/12/1982,34
323,female,Australian,Mrs.,Lola,Z,Parer,"2619 Camel Back Road",Cameron,OK,Oklahoma,74932,"United States",LolaParer@fleckens.hu,918-654-6835,1,7/14/1962,54
324,female,Australian,Ms.,Holly,F,Woolnough,"4777 Twin Willow Lane",Clinton,NC,"North Carolina",28328,"United States",HollyWoolnough@superrito.com,910-479-5745,1,5/12/1968,48
325,female,Australian,Ms.,Summer,B,Cani,"1294 Zimmerman Lane","Los Angeles",CA,California,90017,"United States",SummerCani@armyspy.com,213-373-2043,1,7/24/1975,40
326,male,Australian,Mr.,Hayden,T,Judkins,"1197 Webster Street","New Brunswick",NJ,"New Jersey",08901,"United States",HaydenJudkins@dayrep.com,732-529-4095,1,10/22/1981,34
327,female,Australian,Mrs.,Ella,L,Bonwick,"3165 Strother Street",Birmingham,AL,Alabama,35203,"United States",EllaBonwick@einrot.com,205-624-1173,1,4/6/1986,30
328,female,Australian,Ms.,Alexis,J,Bazley,"264 Hurry Street",Fredericksburg,VA,Virginia,22401,"United States",AlexisBazley@einrot.com,540-361-3028,1,4/20/1954,62
329,male,Australian,Mr.,Finn,A,Jackey,"4469 Felosa Drive","Los Angeles",CA,California,90042,"United States",FinnJackey@superrito.com,323-982-7437,1,1/1/1977,39
330,male,Australian,Mr.,Jaxon,A,"St George","361 Hood Avenue","San Diego",CA,California,92111,"United States",JaxonStGeorge@rhyta.com,858-650-8721,1,3/15/1982,34
331,female,Australian,Mrs.,Paige,C,O'Mahony,"1506 Freshour Circle","San Antonio",TX,Texas,78258,"United States",PaigeOMahony@superrito.com,210-219-4708,1,2/13/1949,67
332,male,Australian,Mr.,Zachary,J,Saywell,"1095 American Drive",Glassboro,NJ,"New Jersey",08028,"United States",ZacharySaywell@cuvox.de,856-218-4189,1,5/19/1954,62
333,female,Australian,Ms.,Bethany,A,Napier,"3595 Lodgeville Road",Minneapolis,MN,Minnesota,55415,"United States",BethanyNapier@jourrapide.com,612-220-9129,1,2/23/1981,35
334,female,Australian,Mrs.,Matilda,A,McClemens,"2944 Jacobs Street",Pittsburgh,PA,Pennsylvania,15206,"United States",MatildaMcClemens@fleckens.hu,412-378-5890,1,3/16/1984,32
335,female,Australian,Mrs.,Isabella,J,Giblin,"1768 Heliport Loop",Chandler,IN,Indiana,47610,"United States",IsabellaGiblin@einrot.com,812-677-9975,1,12/1/1951,64
336,female,Australian,Ms.,Annabelle,C,Wynne,"2702 Morris Street",Boerne,TX,Texas,78006,"United States",AnnabelleWynne@superrito.com,830-248-8198,1,10/9/1982,33
337,female,Australian,Ms.,Sarah,H,Bleasdale,"156 Brownton Road",Jackson,MS,Mississippi,39211,"United States",SarahBleasdale@armyspy.com,662-409-8786,1,12/26/1970,45
338,male,Australian,Mr.,Ben,E,Potter,"2762 Round Table Drive",Cincinnati,OH,Ohio,45203,"United States",BenPotter@superrito.com,513-842-0547,1,10/27/1966,49
339,male,Australian,Mr.,Oscar,A,Hibbins,"2851 Ferguson Street",Cambridge,MA,Massachusetts,02141,"United States",OscarHibbins@rhyta.com,508-463-0959,1,5/25/1974,42
340,female,Australian,Ms.,Tahlia,A,Propsting,"4293 Arlington Avenue",Maryville,TN,Tennessee,37801,"United States",TahliaPropsting@fleckens.hu,865-983-3318,1,3/4/1980,36
341,female,Australian,Mrs.,Victoria,A,Taylor,"4750 University Street",Seattle,WA,Washington,98101,"United States",VictoriaTaylor@gustr.com,206-410-8575,1,4/16/1987,29
342,female,Australian,Ms.,Summer,B,Wynter,"1133 Kildeer Drive",Chester,OH,Ohio,45720,"United States",SummerWynter@teleworm.us,740-985-0298,1,2/21/1972,44
343,female,Australian,Ms.,Lily,G,Batty,"2121 Timber Ridge Road",Sacramento,CA,California,95814,"United States",LilyBatty@dayrep.com,916-715-2379,1,8/6/1986,29
344,female,Australian,Mrs.,Erin,T,Dobell,"3935 Bridge Street",Tulsa,OK,Oklahoma,74116,"United States",ErinDobell@rhyta.com,918-869-5752,1,7/17/1977,39
345,male,Australian,Mr.,Timothy,S,Fahey,"1542 Kyle Street","Grand Island",NE,Nebraska,68801,"United States",TimothyFahey@dayrep.com,308-382-9302,1,12/22/1948,67
346,female,Australian,Ms.,Amy,J,Lyttleton,"1465 Pinewood Drive",Wheeling,IL,Illinois,60090,"United States",AmyLyttleton@fleckens.hu,847-861-3653,1,5/19/1967,49
347,female,Australian,Ms.,Amelie,H,Spaull,"7 Cliffside Drive",Wayne,NY,"New York",14893,"United States",AmelieSpaull@armyspy.com,607-292-6398,1,3/20/1973,43
348,female,Australian,Mrs.,Stella,O,Mowll,"3091 Rosebud Avenue",Blytheville,AR,Arkansas,72315,"United States",StellaMowll@superrito.com,870-476-7540,1,7/1/1950,66
349,male,Australian,Mr.,Jamie,A,Pyke,"4574 Green Street",Brentwood,TN,Tennessee,37027,"United States",JamiePyke@superrito.com,615-616-7686,1,7/1/1974,42
350,female,Australian,Mrs.,Matilda,B,Schutt,"720 Prospect Valley Road","Rancho Dominguez",CA,California,90220,"United States",MatildaSchutt@superrito.com,310-885-2076,1,7/24/1983,32
351,female,Australian,Ms.,Holly,S,Saltau,"507 Brown Bear Drive",Riverside,CA,California,92509,"United States",HollySaltau@superrito.com,951-681-3683,1,11/7/1968,47
352,female,Australian,Mrs.,Madison,M,Haly,"1739 South Street",Midland,TX,Texas,79701,"United States",MadisonHaly@einrot.com,432-994-2777,1,9/23/1982,33
353,female,Australian,Ms.,Rebecca,L,Tunn,"3028 Pearl Street","North Highlands",CA,California,95659,"United States",RebeccaTunn@gustr.com,916-331-6597,1,4/28/1986,30
354,male,Australian,Mr.,Luke,M,Michie,"1524 Webster Street",Robertsville,NJ,"New Jersey",07726,"United States",LukeMichie@fleckens.hu,732-617-3060,1,8/31/1982,33
355,female,Australian,Mrs.,Kiara,L,Aronson,"172 Patton Lane",Tiff,OK,Oklahoma,63674,"United States",KiaraAronson@superrito.com,918-985-0093,1,9/5/1974,41
356,female,Australian,Mrs.,Stephanie,S,Bremer,"733 Grant Street",Plano,TX,Texas,75074,"United States",StephanieBremer@einrot.com,903-888-2905,1,12/12/1957,58
357,female,Australian,Mrs.,Lucy,E,Lamilami,"3950 Mercer Street",Lindsey,WI,Wisconsin,54449,"United States",LucyLamilami@teleworm.us,715-676-1481,1,7/4/1977,39
358,female,Australian,Dr.,Sienna,L,"Chin Kaw","3173 Bridge Avenue","Port Barre",LA,Louisiana,70577,"United States",SiennaChinKaw@teleworm.us,337-585-0177,1,8/6/1979,36
359,female,Australian,Ms.,Taylah,R,Crofts,"3473 Radio Park Drive",Augusta,GA,Georgia,30906,"United States",TaylahCrofts@rhyta.com,706-772-4970,1,10/7/1958,57
360,male,Australian,Mr.,Flynn,G,Ewan,"3126 Oak Drive",Albany,NY,"New York",12210,"United States",FlynnEwan@gustr.com,518-533-2986,1,10/16/1966,49
361,male,Australian,Mr.,Jackson,S,Sorensen,"1890 Coulter Lane",Richmond,VA,Virginia,23224,"United States",JacksonSorensen@gustr.com,804-283-8397,1,10/9/1982,33
362,female,Australian,Mrs.,Emily,J,Kelynack,"2540 Edwards Street",Greenville,NC,"North Carolina",27834,"United States",EmilyKelynack@gustr.com,252-737-1406,1,12/8/1966,49
363,male,Australian,Mr.,Archie,A,Edgley,"1634 Nash Street",Southfield,MI,Michigan,48075,"United States",ArchieEdgley@armyspy.com,313-257-6063,1,3/1/1975,41
364,female,Australian,Mrs.,Taylah,A,Gwynn,"3443 Valley Drive",Philadelphia,PA,Pennsylvania,19108,"United States",TaylahGwynn@dayrep.com,267-284-6069,1,8/23/1983,32
365,female,Australian,Ms.,Georgia,T,Pulsford,"2642 Diamond Cove",Providence,RI,"Rhode Island",02906,"United States",GeorgiaPulsford@dayrep.com,401-300-0721,1,4/9/1948,68
366,male,Australian,Mr.,Tyson,K,Macarthur,"4540 High Meadow Lane",Harford,PA,Pennsylvania,18823,"United States",TysonMacarthur@cuvox.de,570-434-6142,1,3/2/1963,53
367,female,Australian,Ms.,Elizabeth,J,Emmett,"2536 Maud Street",Wilmington,DE,Delaware,19802,"United States",ElizabethEmmett@einrot.com,302-765-4659,1,1/3/1964,52
368,female,Australian,Mrs.,Jessica,R,Banfield,"3075 Hall Valley Drive",Wheeling,WV,"West Virginia",26003,"United States",JessicaBanfield@armyspy.com,304-715-8954,1,5/14/1976,40
369,male,Australian,Mr.,Jaxon,S,Ordell,"2792 Bel Meadow Drive","San Diego",CA,California,92103,"United States",JaxonOrdell@superrito.com,909-441-2212,1,1/4/1977,39
370,female,Australian,Ms.,Erin,B,Horgan,"182 Bluff Street","Annapolis Junction",MD,Maryland,20701,"United States",ErinHorgan@dayrep.com,301-807-9008,1,2/18/1949,67
371,female,Australian,Mrs.,Claire,L,Greenham,"873 Woodland Drive","Sioux City",IA,Iowa,51101,"United States",ClaireGreenham@cuvox.de,712-277-3290,1,2/22/1985,31
372,female,Australian,Mrs.,Sienna,W,Broomfield,"3389 Sunny Glen Lane","Warrensville Heights",OH,Ohio,44128,"United States",SiennaBroomfield@gustr.com,216-818-2618,1,8/4/1959,56
373,female,Australian,Mrs.,Stella,B,Dickinson,"584 Braxton Street",Peoria,IL,Illinois,61602,"United States",StellaDickinson@einrot.com,815-503-6771,1,9/14/1981,34
374,female,Australian,Mrs.,Alexandra,H,Corbould,"866 Public Works Drive","Bluff City",TN,Tennessee,37618,"United States",AlexandraCorbould@cuvox.de,423-391-4650,1,7/10/1962,54
375,female,Australian,Mrs.,Tayla,B,Quick,"4963 Berkshire Circle",Knoxville,TN,Tennessee,37917,"United States",TaylaQuick@einrot.com,865-555-9793,1,11/24/1976,39
376,female,Australian,Mrs.,Alica,N,Rubensohn,"245 Butternut Lane","New Minden",IL,Illinois,62803,"United States",AlicaRubensohn@dayrep.com,618-478-0520,1,9/20/1970,45
377,female,Australian,Mrs.,Sienna,J,Woodbury,"4254 Ashcraft Court","San Diego",CA,California,92103,"United States",SiennaWoodbury@cuvox.de,619-353-5163,1,9/21/1975,40
378,male,Australian,Mr.,Justin,L,Glyde,"695 Platinum Drive",Parkwood,PA,Pennsylvania,15701,"United States",JustinGlyde@dayrep.com,724-726-9260,1,4/8/1976,40
379,female,Australian,Mrs.,Audrey,B,Macfarlane,"4278 Stutler Lane",Johnstown,PA,Pennsylvania,15901,"United States",AudreyMacfarlane@rhyta.com,814-483-4306,1,1/22/1982,34
380,female,Australian,Mrs.,Natalie,C,Purcell,"2889 Rafe Lane",Leland,MS,Mississippi,38756,"United States",NataliePurcell@superrito.com,662-686-2118,1,5/1/1968,48
381,female,Australian,Ms.,Bianca,J,Fleming,"4963 Garfield Road",Peoria,IL,Illinois,61614,"United States",BiancaFleming@dayrep.com,309-683-8035,1,8/26/1976,39
382,female,Australian,Ms.,Sofia,B,McKinnon,"2034 Red Hawk Road","Kansas City",MN,Minnesota,64106,"United States",SofiaMcKinnon@fleckens.hu,320-853-7759,1,1/10/1954,62
383,male,Australian,Mr.,Henry,A,Raphael,"4123 Hampton Meadows",Cambridge,MA,Massachusetts,02141,"United States",HenryRaphael@armyspy.com,978-339-1378,1,4/24/1968,48
384,female,Australian,Mrs.,Annabelle,L,Nagle,"3256 Tecumsah Lane",Shreveport,LA,Louisiana,71106,"United States",AnnabelleNagle@gustr.com,318-866-0200,1,5/7/1987,29
385,female,Australian,Ms.,Jessica,I,Scaddan,"2344 Valley Street",Marlton,NJ,"New Jersey",08053,"United States",JessicaScaddan@jourrapide.com,856-797-0138,1,7/28/1985,30
386,female,Australian,Ms.,Gabriella,T,Butlin,"1430 Davis Avenue","San Rafael",CA,California,94901,"United States",GabriellaButlin@armyspy.com,707-709-7990,1,3/31/1970,46
387,female,Australian,Mrs.,Matilda,M,Ruwolt,"99 Carolyns Circle",Dallas,TX,Texas,75248,"United States",MatildaRuwolt@cuvox.de,214-725-4485,1,10/8/1968,47
388,female,Australian,Mrs.,Eve,T,Masters,"2982 Roosevelt Road","Garden City",KS,Kansas,67846,"United States",EveMasters@jourrapide.com,620-275-8436,1,2/26/1988,28
389,female,Australian,Mrs.,Lola,D,Biggs,"2425 Little Acres Lane",Kansas,IL,Illinois,61933,"United States",LolaBiggs@dayrep.com,217-948-5809,1,11/23/1973,42
390,female,Australian,Ms.,Sofia,S,Bavin,"3689 Broad Street",Tuscaloosa,AL,Alabama,35401,"United States",SofiaBavin@cuvox.de,205-450-7295,1,3/17/1968,48
391,female,Australian,Mrs.,Sienna,S,Wisewould,"4766 Wildrose Lane",Detroit,MI,Michigan,48224,"United States",SiennaWisewould@einrot.com,313-881-8392,1,6/1/1989,27
392,female,Australian,Ms.,Abby,W,Bold,"4197 Nixon Avenue",Toledo,OH,Ohio,43609,"United States",AbbyBold@dayrep.com,419-951-3037,1,4/23/1963,53
393,female,Australian,Ms.,Kaitlyn,C,Chomley,"2918 Marigold Lane",Miami,FL,Florida,33165,"United States",KaitlynChomley@dayrep.com,305-485-3341,1,9/17/1957,58
394,female,Australian,Mrs.,Mackenzie,T,Sachse,"2542 Bell Street","New York",NY,"New York",10016,"United States",MackenzieSachse@dayrep.com,212-272-2014,1,1/22/1966,50
395,female,Australian,Ms.,Ashley,D,Nicoll,"2361 Holly Street",Charlotte,NC,"North Carolina",28202,"United States",AshleyNicoll@fleckens.hu,704-997-2338,1,4/17/1970,46
396,female,Australian,Mrs.,Indiana,K,Shirlow,"706 Pine Garden Lane",Alpharetta,GA,Georgia,30201,"United States",IndianaShirlow@cuvox.de,770-753-8811,1,12/4/1969,46
397,female,Australian,Mrs.,Holly,T,Summerfield,"3476 Olen Thomas Drive",Dallas,TX,Texas,75204,"United States",HollySummerfield@dayrep.com,940-784-6876,1,10/1/1988,27
398,female,Australian,Mrs.,Imogen,L,Saltau,"4512 Morningview Lane","Mason City",IA,Iowa,50401,"United States",ImogenSaltau@rhyta.com,641-903-5379,1,5/15/1966,50
399,female,Australian,Ms.,Keira,A,Pemulwuy,"3718 Black Stallion Road",Winchester,KY,Kentucky,40391,"United States",KeiraPemulwuy@cuvox.de,859-437-8620,1,3/20/1971,45
400,male,Australian,Mr.,Jordan,D,Gillen,"2586 C Street",Framingham,MA,Massachusetts,01702,"United States",JordanGillen@rhyta.com,508-387-2994,1,1/1/1949,67
401,female,Australian,Ms.,Jade,S,Algeranoff,"3812 Duff Avenue","South Burlington",VT,Vermont,05403,"United States",JadeAlgeranoff@armyspy.com,802-473-7708,1,2/9/1979,37
402,female,Australian,Mrs.,Charlotte,J,Streeton,"3563 Wood Street",Saginaw,MI,Michigan,48607,"United States",CharlotteStreeton@armyspy.com,989-216-7858,1,4/29/1948,68
403,male,Australian,Mr.,Dean,A,Sleigh,"3195 Paradise Lane",Riverside,CA,California,92507,"United States",DeanSleigh@jourrapide.com,909-726-3259,1,12/8/1966,49
404,female,Australian,Ms.,Amy,S,Ringrose,"356 George Street","Dade City",FL,Florida,33525,"United States",AmyRingrose@cuvox.de,352-523-3822,1,1/3/1984,32
405,male,Australian,Mr.,Tyson,A,Jones,"4823 West Drive",Chicago,IL,Illinois,60606,"United States",TysonJones@superrito.com,312-544-9409,1,12/14/1954,61
406,male,Australian,Mr.,Zachary,J,Batty,"1273 Clay Street",Indianapolis,IN,Indiana,46225,"United States",ZacharyBatty@cuvox.de,317-452-2742,1,4/12/1975,41
407,male,Australian,Mr.,Patrick,A,Leidig,"1417 Stewart Street",Sheridan,IN,Indiana,46069,"United States",PatrickLeidig@gustr.com,317-758-4436,1,1/16/1975,41
408,female,Australian,Ms.,Rose,L,Sanderson,"4810 North Avenue",Omaha,NE,Nebraska,68144,"United States",RoseSanderson@jourrapide.com,402-758-9678,1,6/17/1949,67
409,male,Australian,Mr.,William,P,Douglass,"1945 Pine Garden Lane",Norcross,GA,Georgia,30071,"United States",WilliamDouglass@einrot.com,770-666-2561,1,4/2/1956,60
410,female,Australian,Ms.,Ebony,L,Maurice,"2165 Heliport Loop",Campbellsburg,IN,Indiana,47108,"United States",EbonyMaurice@teleworm.us,812-755-3833,1,6/23/1981,35
411,male,Australian,Mr.,Nathan,K,Rendall,"4623 Timbercrest Road","Pump Station Ten",AK,Alaska,99701,"United States",NathanRendall@gustr.com,907-641-0927,1,9/30/1963,52
412,male,Australian,Mr.,Adam,S,Stonehouse,"3081 Upton Avenue",Portland,ME,Maine,04101,"United States",AdamStonehouse@einrot.com,207-871-2289,1,6/3/1948,68
413,female,Australian,Ms.,Imogen,J,Childers,"3874 Ripple Street",Clifford,MI,Michigan,48727,"United States",ImogenChilders@rhyta.com,989-761-1143,1,4/26/1957,59
414,male,Australian,Mr.,Sam,M,Schlapp,"4019 Bobcat Drive","Silver Spring",MD,Maryland,20904,"United States",SamSchlapp@dayrep.com,240-793-1250,1,2/20/1960,56
415,female,Australian,Mrs.,Jorja,K,Tenison-Woods,"3016 Science Center Drive",Boise,ID,Idaho,83702,"United States",JorjaTenison-Woods@gustr.com,208-647-9810,1,7/31/1964,51
416,female,Australian,Ms.,Mackenzie,A,Smithers,"134 Nelm Street",Beltsville,VA,Virginia,20705,"United States",MackenzieSmithers@gustr.com,571-241-3579,1,3/4/1953,63
417,female,Australian,Mrs.,Claire,J,Watkin,"3955 Briarwood Drive","Laurel Springs",NJ,"New Jersey",08021,"United States",ClaireWatkin@armyspy.com,856-521-1429,1,4/22/1966,50
418,female,Australian,Mrs.,Hayley,C,Mort,"2171 Big Elm","Kansas City",MO,Missouri,64056,"United States",HayleyMort@fleckens.hu,816-796-1302,1,5/11/1965,51
419,female,Australian,Mrs.,Hannah,A,Demaine,"3304 Oak Avenue","Hickory Hills",IL,Illinois,60457,"United States",HannahDemaine@fleckens.hu,847-921-2421,1,2/22/1970,46
420,male,Australian,Mr.,Timothy,E,Shearer,"7 Mudlick Road",Thornton,WA,Washington,99176,"United States",TimothyShearer@dayrep.com,509-478-6948,1,8/24/1988,27
421,female,Australian,Mrs.,Abby,G,Kingsmill,"1227 Adamsville Road",Raymondville,TX,Texas,78580,"United States",AbbyKingsmill@cuvox.de,956-690-1219,1,4/21/1986,30
422,female,Australian,Ms.,Anna,C,Steward,"209 Honeysuckle Lane",Olympia,WA,Washington,98501,"United States",AnnaSteward@cuvox.de,360-570-0523,1,7/5/1977,39
423,female,Australian,Ms.,Scarlett,A,Craigie,"777 Dark Hollow Road",Camden,NJ,"New Jersey",08102,"United States",ScarlettCraigie@jourrapide.com,609-280-5498,1,8/2/1969,46
424,female,Australian,Ms.,Emma,M,Harington,"4136 Patterson Street",Houston,TX,Texas,77002,"United States",EmmaHarington@cuvox.de,713-346-8236,1,11/4/1961,54
425,male,Australian,Mr.,Aaron,S,Reed,"2902 Franklee Lane",Eagleville,PA,Pennsylvania,19403,"United States",AaronReed@cuvox.de,484-620-0986,1,2/21/1974,42
426,female,Australian,Ms.,Ava,H,Carnarvon,"2523 Arthur Avenue",Princeton,IL,Illinois,61356,"United States",AvaCarnarvon@armyspy.com,815-872-7503,1,12/16/1966,49
427,female,Australian,Mrs.,Alana,O,Rawson,"3621 West Fork Drive",Hollywood,FL,Florida,33024,"United States",AlanaRawson@cuvox.de,954-443-1492,1,2/17/1990,26
428,female,Australian,Mrs.,Alicia,R,Bessell-Browne,"4549 Burton Avenue",Memphis,TN,Tennessee,38138,"United States",AliciaBessell-Browne@jourrapide.com,901-757-5067,1,7/23/1961,54
429,female,Australian,Dr.,Jade,C,Fullerton,"4206 Buena Vista Avenue",Eugene,OR,Oregon,97401,"United States",JadeFullerton@armyspy.com,541-606-7486,1,4/10/1950,66
430,male,Australian,Mr.,Benjamin,A,Lyle,"2309 Fleming Street",Greenville,AL,Alabama,36037,"United States",BenjaminLyle@einrot.com,334-383-7091,1,2/4/1981,35
431,female,Australian,Mrs.,Alannah,G,Akeroyd,"1097 Pine Garden Lane",Alpharetta,GA,Georgia,30201,"United States",AlannahAkeroyd@fleckens.hu,770-754-4596,1,9/19/1951,64
432,male,Australian,Mr.,Henry,S,Stone-Wigg,"4016 Maple Avenue",Stockton,CA,California,95204,"United States",HenryStone-Wigg@dayrep.com,209-243-7183,1,9/10/1947,68
433,female,Australian,Mrs.,Sarah,M,Marlowe,"141 Corbin Branch Road",Bristol,TN,Tennessee,37620,"United States",SarahMarlowe@armyspy.com,423-426-9467,1,9/21/1963,52
434,female,Australian,Mrs.,Elizabeth,J,Macintyre,"4674 Burning Memory Lane",Philadelphia,PA,Pennsylvania,19108,"United States",ElizabethMacintyre@cuvox.de,215-310-5262,1,11/30/1957,58
435,female,Australian,Mrs.,Natalie,Z,Bejah,"900 Walton Street",Provo,UT,Utah,84603,"United States",NatalieBejah@superrito.com,801-360-6968,1,1/25/1953,63
436,male,Australian,Mr.,Ali,K,Dowse,"1565 Oakridge Farm Lane",Milwaukee,WI,Wisconsin,53202,"United States",AliDowse@fleckens.hu,262-408-9424,1,12/26/1965,50
437,female,Australian,Ms.,Ruby,A,Heighway,"4999 Irving Road",Mansfield,OH,Ohio,44907,"United States",RubyHeighway@cuvox.de,740-481-6698,1,1/24/1987,29
438,male,Australian,Mr.,Nicholas,K,Copeland,"564 Margaret Street",Houston,TX,Texas,77063,"United States",NicholasCopeland@gustr.com,713-907-5721,1,2/14/1988,28
439,female,Australian,Mrs.,Brianna,M,Ferrier,"883 Rafe Lane",Greenville,MS,Mississippi,38701,"United States",BriannaFerrier@einrot.com,662-725-2095,1,8/25/1947,68
440,female,Australian,Mrs.,Brianna,J,Baile,"3783 Rainbow Road",Youngtown,AZ,Arizona,85363,"United States",BriannaBaile@cuvox.de,623-972-5106,1,12/17/1973,42
441,male,Australian,Mr.,Taj,P,Mackennal,"3825 Park Avenue",Sacramento,CA,California,95814,"United States",TajMackennal@dayrep.com,916-405-6151,1,1/11/1987,29
442,female,Australian,Mrs.,Phoebe,W,Craigie,"929 Russell Street",Lawrence,MA,Massachusetts,01840,"United States",PhoebeCraigie@cuvox.de,978-885-0159,1,3/17/1981,35
443,female,Australian,Ms.,Isabel,J,Atherton,"3032 Berkley Street",Newark,PA,Pennsylvania,19714,"United States",IsabelAtherton@einrot.com,484-853-8104,1,1/20/1949,67
444,male,Australian,Mr.,Tyson,T,Booth,"2016 Woodland Avenue",Metairie,LA,Louisiana,70001,"United States",TysonBooth@armyspy.com,985-590-7882,1,10/4/1961,54
445,male,Australian,Mr.,Sebastian,S,Unaipon,"2078 Joseph Street","Sheboygan Falls",WI,Wisconsin,53085,"United States",SebastianUnaipon@teleworm.us,262-866-2634,1,1/19/1987,29
446,male,Australian,Mr.,Zac,T,Cadman,"2670 Trouser Leg Road",Greenfield,MA,Massachusetts,01301,"United States",ZacCadman@dayrep.com,413-772-1047,1,2/12/1953,63
447,male,Australian,Mr.,Benjamin,R,Robson,"2385 Finwood Road",Lyndhurst,NJ,"New Jersey",07071,"United States",BenjaminRobson@fleckens.hu,732-498-6446,1,1/31/1976,40
448,female,Australian,Mrs.,Lily,A,Tovell,"1063 Briarwood Drive",Camden,NJ,"New Jersey",08104,"United States",LilyTovell@cuvox.de,856-531-3577,1,10/18/1955,60
449,female,Australian,Ms.,Jorja,J,Roderic,"1241 Sardis Sta",Dallas,TX,Texas,75212,"United States",JorjaRoderic@gustr.com,817-667-5149,1,12/16/1974,41
450,female,Australian,Ms.,Eden,F,Nobelius,"2015 Chipmunk Lane",Standish,ME,Maine,04084,"United States",EdenNobelius@jourrapide.com,207-787-0774,1,6/13/1970,46
451,female,Australian,Ms.,Gemma,G,Harding,"4035 Grant View Drive","West Allis",WI,Wisconsin,53227,"United States",GemmaHarding@gustr.com,414-410-4005,1,8/22/1972,43
452,female,Australian,Mrs.,Matilda,H,Truman,"4357 Sycamore Lake Road",Mapleton,WI,Wisconsin,53066,"United States",MatildaTruman@teleworm.us,920-474-0973,1,8/11/1974,41
453,female,Australian,Mrs.,Amy,Z,Lansell,"1497 Edington Drive",Norcross,GA,Georgia,30071,"United States",AmyLansell@dayrep.com,678-823-8495,1,9/17/1947,68
454,female,Australian,Ms.,Victoria,L,Currie,"4156 Hillside Drive","West Roxbury",MA,Massachusetts,02132,"United States",VictoriaCurrie@einrot.com,339-237-1208,1,4/27/1971,45
455,female,Australian,Mrs.,Claudia,L,Shackleton,"4825 Hartway Street",Sisseton,SD,"South Dakota",57262,"United States",ClaudiaShackleton@dayrep.com,605-698-6059,1,2/5/1955,61
456,male,Australian,Mr.,Timothy,A,Wadsworth,"3355 Goff Avenue",Martin,MI,Michigan,49070,"United States",TimothyWadsworth@fleckens.hu,269-672-5387,1,4/20/1964,52
457,female,Australian,Mrs.,Rebecca,S,Camfield,"3612 Rosewood Lane","New York",NY,"New York",10013,"United States",RebeccaCamfield@cuvox.de,212-993-3513,1,12/22/1952,63
458,female,Australian,Mrs.,Angelina,A,Bronner,"805 American Drive","Gulf Breeze",FL,Florida,32561,"United States",AngelinaBronner@dayrep.com,850-932-1448,1,3/20/1974,42
459,female,Australian,Ms.,Mariam,R,Shackell,"3827 Westwood Avenue",Mineola,NY,"New York",11501,"United States",MariamShackell@teleworm.us,516-739-3389,1,8/22/1971,44
460,female,Australian,Ms.,Taylah,J,Bednall,"3475 Marcus Street",Huntsville,AL,Alabama,35806,"United States",TaylahBednall@cuvox.de,256-616-9493,1,5/3/1969,47
461,female,Australian,Ms.,Eve,Z,Vaude,"3761 Cedarstone Drive",Toledo,OH,Ohio,43613,"United States",EveVaude@jourrapide.com,419-480-3467,1,4/7/1958,58
462,female,Australian,Ms.,Amelia,A,Felan,"2327 Platinum Drive",Burgettstown,PA,Pennsylvania,15021,"United States",AmeliaFelan@fleckens.hu,724-729-4138,1,2/3/1966,50
463,female,Australian,Mrs.,Lily,J,Halcomb,"4748 Ferguson Street","West Roxbury",MA,Massachusetts,02132,"United States",LilyHalcomb@teleworm.us,508-479-6327,1,6/19/1984,32
464,male,Australian,Mr.,Jonathan,M,Doolan,"4819 Hurry Street","Stuarts Draft",VA,Virginia,24477,"United States",JonathanDoolan@teleworm.us,540-324-6540,1,6/15/1964,52
465,female,Australian,Ms.,Sienna,L,Lind,"358 Hall Valley Drive",Morgantown,WV,"West Virginia",26505,"United States",SiennaLind@einrot.com,304-685-2030,1,9/30/1986,29
466,female,Australian,Ms.,Claire,I,Gibbes,"3413 Crim Lane",Richmond,OH,Ohio,47374,"United States",ClaireGibbes@armyspy.com,937-714-2350,1,6/1/1978,38
467,male,Australian,Mr.,Dominic,A,Shadforth,"710 Berry Street","Colorado Springs",CO,Colorado,80904,"United States",DominicShadforth@dayrep.com,719-661-9855,1,10/13/1980,35
468,female,Australian,Ms.,Tahlia,C,Cumbrae-Stewart,"3929 Turkey Pen Lane",Montgomery,AL,Alabama,36104,"United States",TahliaCumbrae-Stewart@armyspy.com,334-539-2771,1,6/30/1989,27
469,female,Australian,Ms.,Natalie,E,Barton,"3265 Lowland Drive",Ottawa,IL,Illinois,61350,"United States",NatalieBarton@cuvox.de,815-433-7424,1,2/1/1979,37
470,female,Australian,Mrs.,Alyssa,M,Karloan,"1092 Whispering Pines Circle",Irving,TX,Texas,75039,"United States",AlyssaKarloan@dayrep.com,972-432-6810,1,11/13/1961,54
471,female,Australian,Ms.,Alice,A,Foxton,"1548 Goff Avenue","Benton Harbor",MI,Michigan,49022,"United States",AliceFoxton@armyspy.com,269-542-1751,1,5/17/1951,65
472,female,Australian,Ms.,Mary,L,McInnes,"2594 Wilson Street","San Diego",CA,California,92103,"United States",MaryMcInnes@gustr.com,760-853-4127,1,12/24/1953,62
473,male,Australian,Mr.,Finn,S,Druitt,"2846 Emily Drive",Gilbert,SC,"South Carolina",29054,"United States",FinnDruitt@superrito.com,803-892-9467,1,6/23/1988,28
474,male,Australian,Mr.,Hamish,I,Bishop,"4731 O Conner Street",Thomasville,GA,Georgia,31729,"United States",HamishBishop@gustr.com,229-226-4014,1,1/15/1990,26
475,female,Australian,Mrs.,Amelia,D,Coode,"1375 Collins Street",Claysburg,PA,Pennsylvania,16625,"United States",AmeliaCoode@rhyta.com,814-239-5905,1,1/1/1976,40
476,female,Australian,Ms.,Maddison,J,Ogden,"1545 Koontz Lane","Van Nuys",CA,California,91405,"United States",MaddisonOgden@einrot.com,818-782-7633,1,7/31/1984,31
477,female,Australian,Mrs.,Piper,F,Jones,"4727 Parrish Avenue",Victoria,TX,Texas,77901,"United States",PiperJones@gustr.com,830-987-7097,1,9/21/1966,49
478,male,Australian,Mr.,George,A,Margolin,"1 Feathers Hooves Drive","Bay Shore",NY,"New York",11706,"United States",GeorgeMargolin@jourrapide.com,631-666-5229,1,8/7/1961,54
479,female,Australian,Mrs.,Elizabeth,J,Light,"1323 Eastland Avenue",Jackson,MS,Mississippi,39201,"United States",ElizabethLight@rhyta.com,601-392-2569,1,5/19/1989,27
480,male,Australian,Mr.,Jett,L,Monger,"975 Liberty Street",Plano,TX,Texas,75074,"United States",JettMonger@einrot.com,214-805-0183,1,1/20/1962,54
481,female,Australian,Mrs.,Amy,C,Coyne,"4411 Johnson Street",Raleigh,NC,"North Carolina",27601,"United States",AmyCoyne@jourrapide.com,919-821-6002,1,12/9/1977,38
482,female,Australian,Mrs.,Imogen,B,Woodger,"512 Romrog Way","Grand Island",NE,Nebraska,68801,"United States",ImogenWoodger@dayrep.com,308-249-8801,1,9/5/1957,58
483,male,Australian,Mr.,Nicholas,V,Cummins,"2479 Flanigan Oaks Drive",Laurel,MD,Maryland,20707,"United States",NicholasCummins@cuvox.de,301-361-3512,1,5/11/1959,57
484,female,Australian,Ms.,Molly,M,Pollard,"3437 Koontz Lane",Burbank,CA,California,91502,"United States",MollyPollard@jourrapide.com,818-840-9315,1,4/29/1968,48
485,male,Australian,Mr.,Riley,S,Foy,"2795 Massachusetts Avenue",Washington,DC,"Washington DC",20016,"United States",RileyFoy@gustr.com,202-752-1168,1,1/10/1973,43
486,male,Australian,Mr.,Anthony,A,Schleinitz,"96 Jenna Lane","Des Moines",IA,Iowa,50313,"United States",AnthonySchleinitz@armyspy.com,515-205-1170,1,1/17/1981,35
487,male,Australian,Mr.,Jesse,A,See,"3688 Gregory Lane",Huntsville,KY,Kentucky,35816,"United States",JesseSee@gustr.com,502-603-6815,1,9/17/1982,33
488,female,Australian,Ms.,Indiana,L,Ackermann,"1410 Hanover Street","New York",NY,"New York",10016,"United States",IndianaAckermann@jourrapide.com,917-732-0823,1,6/12/1981,35
489,female,Australian,Mrs.,Caitlyn,A,Heaton,"130 Twin Willow Lane",Rockingham,NC,"North Carolina",28379,"United States",CaitlynHeaton@dayrep.com,910-410-5670,1,10/16/1954,61
490,female,Australian,Dr.,Alexis,J,Barlee,"4420 Golden Street",Miami,FL,Florida,33156,"United States",AlexisBarlee@einrot.com,305-670-3930,1,12/30/1986,29
491,female,Australian,Mrs.,Jorja,O,Searle,"1470 Highland View Drive",Roseville,CA,California,95678,"United States",JorjaSearle@cuvox.de,916-640-8257,1,3/15/1966,50
492,female,Australian,Ms.,Eliza,I,Farr,"957 Riverwood Drive",Anderson,CA,California,96007,"United States",ElizaFarr@rhyta.com,530-365-7903,1,8/17/1983,32
493,female,Australian,Mrs.,Abigail,W,Keene,"3201 Dane Street",Kennewick,WA,Washington,99336,"United States",AbigailKeene@dayrep.com,509-205-5980,1,2/7/1975,41
494,male,Australian,Mr.,Blake,A,Hoad,"4163 Byrd Lane",Metairie,LA,Louisiana,70007,"United States",BlakeHoad@armyspy.com,504-975-5939,1,2/26/1950,66
495,male,Australian,Mr.,Hudson,C,Lowin,"4072 University Drive",Chicago,IL,Illinois,60605,"United States",HudsonLowin@superrito.com,312-730-8984,1,3/21/1962,54
496,female,Australian,Ms.,Emily,G,Agaundo,"1031 Blair Court","Appleton City",MO,Missouri,64724,"United States",EmilyAgaundo@einrot.com,660-476-2271,1,5/22/1989,27
497,female,Australian,Mrs.,Stella,C,Mountgarrett,"2645 Roy Alley",Denver,CO,Colorado,80202,"United States",StellaMountgarrett@fleckens.hu,303-899-1370,1,11/19/1959,56
498,female,Australian,Ms.,Lily,L,Gawler,"4103 Rainbow Road","San Gabriel",CA,California,91775,"United States",LilyGawler@cuvox.de,626-237-1966,1,7/10/1979,37
499,male,Australian,Mr.,Zane,M,Flannery,"1235 Paradise Lane",Pomona,CA,California,91766,"United States",ZaneFlannery@einrot.com,909-747-5823,1,7/3/1968,48
500,female,Australian,Mrs.,Poppy,S,Sandes,"1167 Half and Half Drive",Fresno,CA,California,93711,"United States",PoppySandes@gustr.com,559-964-1439,1,9/3/1970,45
